day,rainfall_mm,recharge_true_mm,sy_true,h_true_m,h_with_pumping_m,h_observed_m
0,0.0,0.0,0.14230000000000004,1.0,1.0,1.0408183824277037
1,0.0,0.0,0.14380000000000004,0.9953455841920648,0.9953455841920648,0.9442322835657811
2,6.519858617808106,0.029127009709623654,0.14205463419595082,0.9911904744146055,0.9911904744146055,0.9995524513491211
3,4.689522576951017,0.04109996017917557,0.14123042288756488,0.9867700000163571,0.9867700000163571,0.9754146078937984
4,0.0,0.03826664317014786,0.14274955620914997,0.9808240062882693,0.9808240062882693,0.9717710204460603
5,0.0,0.035628647159939825,0.14426737053272992,0.9770933105097458,0.9770933105097458,0.9727813672479505
6,0.0,0.033172507261827404,0.14578395678636086,0.972901181145074,0.972901181145074,0.932501458562129
7,0.0,0.03088568682094891,0.14729939962977134,0.9677272676680866,0.9677272676680866,0.9630886201152028
8,0.0,0.02875651342458059,0.14881377788648364,0.9636794290857169,0.9636794290857169,0.9463751675602181
9,0.0,0.026774119323686053,0.1503271649461455,0.9594188425825091,0.9594188425825091,
10,0.0,0.02492838596163833,0.15183962913912635,0.9550939865288799,0.9550939865288799,0.9596097187934384
11,6.483139590309674,0.05203305020997863,0.1501240758690765,0.9505111145939265,0.9505111145939265,0.9434584987070945
12,0.0,0.04844603636498168,0.151648298887259,0.9466518723107435,0.9466518723107435,0.9410261239477166
13,1.6579415107350481,0.045106301283622016,0.1523418812825333,0.9415016219667562,0.9415016219667562,0.9281406950445772
14,0.0,0.04199679825529625,0.15386287968166096,0.9369272899287677,0.9369272899287677,0.9158242789046653
15,0.1885695955331076,0.039101655722245186,0.15528814571175553,0.932033483680597,0.932033483680597,0.9242174641359039
16,0.0,0.0364060962677833,0.1568063487598894,0.9282239631228628,0.9282239631228628,0.9378628708929986
17,0.0,0.03389636118925458,0.15832329694048403,0.9238547377505808,0.9238547377505808,0.9190836656191135
18,0.0,0.03155964027071892,0.15983907676061937,0.9191571031631112,0.9191571031631112,0.9383122772223065
19,0.0,0.029384006396914575,0.16135376876381785,0.9139768555222821,0.9139768555222821,0.9099808129409506
20,3.1287193390018424,0.028423513774596173,0.16130362085120425,0.9093318882080825,0.9093318882080825,0.9098170795096158
21,1.3088788738247243,0.026464075743931094,0.16216241345216387,0.9049695822044722,0.9049695822044722,0.9358859992287285
22,0.0,0.02463971592444229,0.1636747333101261,0.9003323262690144,0.9003323262690144,0.9112344367227673
23,0.0,0.022941122399728713,0.165186203871326,0.897275269194833,0.897275269194833,0.8871706944825527
24,0.0,0.02135962519102164,0.1666968836839215,0.893934497541957,0.893934497541957,
25,0.0,0.019887152003788676,0.16820682725992336,0.8868817970953693,0.8868817970953693,0.8976922997304654
26,0.0,0.01851618702504391,0.1697160853534359,0.8806766052135946,0.8806766052135946,0.9193783658955716
27,0.0,0.01723973256105694,0.17122470521971644,0.8762075510506724,0.8762075510506724,0.8708151445038341
28,0.0,0.01605127331965163,0.17273273085637625,0.8715050077268327,0.8715050077268327,0.8666338341452506
29,0.0,0.01494474315478386,0.17424020322795364,0.8674540511737623,0.8674540511737623,0.8875003231992761
30,0.0,0.01391449410365573,0.1757471604750055,0.8634198737724912,0.8634198737724912,0.8456906749092794
31,0.0,0.012955267558324938,0.17725363810878464,0.8612997865237916,0.8612997865237916,0.8554653818749943
32,5.015249288617547,0.028738458142677514,0.1762603826935472,0.8559543556953525,0.8559543556953525,0.8736051350444822
33,0.0,0.02675730872272903,0.17777376134790857,0.8514600243865798,0.8514600243865798,0.8630670247103978
34,0.0,0.02491273423678279,0.17928621771502695,0.849396009134163,0.849396009134163,0.85122634319981
35,0.0,0.023195319588526563,0.1807978153748212,0.8459346871842789,0.8459346871842789,0.8593367742808484
36,0.0,0.02159629873221671,0.1823086135241873,0.8424963713677657,0.8424963713677657,0.7859331252308904
37,0.0,0.020107509928936153,0.18381866727915178,0.8378883432509957,0.8378883432509957,0.8583144796009973
38,0.0,0.018721354087361527,0.18532802795619546,0.8321602141112046,0.8321602141112046,0.8129673189150417
39,0.0,0.017430755976402097,0.18683674333418365,0.8282678951770801,0.8282678951770801,0.7948954983239607
40,0.0,0.01622912811173144,0.18834485789823951,0.8243288638363506,0.8243288638363506,0.8298577790267706
41,0.0,0.015110337131881375,0.18985241306680545,0.8190660345518103,0.8190660345518103,0.8330769322587981
42,0.0,0.014068672492274384,0.19135944740305158,0.8143670676307607,0.8143670676307607,0.8054717185171051
43,0.0,0.01309881731740251,0.1928659968117103,0.8102967082257506,0.8102967082257506,0.7887685914237345
44,0.0,0.01219582126237597,0.1943720947223415,0.8053683897370454,0.8053683897370454,0.8058908864077261
45,0.0,0.011355075245321195,0.19587777225996414,0.8013060225333218,0.8013060225333218,0.8002510763684643
46,0.0,0.01057228792165709,0.19738305840392498,0.7974529456563535,0.7974529456563535,0.8255649089767153
47,0.0,0.009843463780169315,0.19888798013581507,0.7935548294516128,0.7935548294516128,0.8085029892011998
48,3.9444635273493955,0.016980366641618574,0.19842423855546118,0.7891302561481688,0.7891302561481688,0.7930065690734612
49,0.0,0.01580978736573885,0.19993214344914406,0.7858639290097847,0.7858639290097847,0.8080965931142646
50,0.0,0.014719904571274353,0.2014395034014297,0.7829048520848905,0.7829048520848905,0.7787943910867746
51,0.0,0.013705155267108653,0.20294635597906324,0.7793842497035932,0.7793842497035932,0.7608662582306258
52,0.0,0.012760359959269411,0.20445273615904289,0.7747366291532883,0.7747366291532883,0.7864177953737933
53,5.565609167100486,0.033111243015541414,0.20318648719700041,0.7716570105641828,0.7716570105641828,0.7833077789372966
54,0.0,0.030828645961505394,0.20470190151998116,0.7674602453603167,0.7674602453603167,0.7631636671377795
55,1.2421930316824712,0.02870340480343041,0.20559515670654163,0.7646527073877951,0.7646527073877951,0.7489965358285158
56,0.0,0.02672467186325172,0.20710851904247327,0.7598972677228011,0.7598972677228011,0.7644803458270664
57,0.0,0.02488234727167703,0.2086209602161091,0.7571412856350762,0.7571412856350762,0.7072634000659164
58,0.0,0.023167027416328423,0.21013254372981727,0.75345478635312,0.75345478635312,0.7672572817563763
59,2.7326163354183204,0.021569956943726046,0.21027702054057998,0.7485490131239918,0.7485490131239918,0.7583763783388916
60,0.0,0.02008298407012166,0.21178706203261505,0.744594947350781,0.744594947350781,0.7118178044729713
61,10.670976887170916,0.08217624422730033,0.20799266171114325,0.7410209011955831,0.7410209011955831,0.7422479713923464
62,1.1731865028733748,0.07651124237590688,0.20894432408089453,0.7379836800649561,0.7379836800649561,0.7187016867941313
63,0.0,0.07123677000512008,0.21047994246589707,0.733677753586516,0.733677753586516,0.748822174481679
64,0.0,0.06632590509810327,0.21201310541844612,0.7292404409802622,0.7292404409802622,0.6885570955113937
65,0.0,0.06175358156702524,0.21354398220922963,0.726106662012057,0.726106662012057,0.7078167712521652
66,1.4659784392165458,0.057496461310473625,0.2143397412202766,0.7222985634532652,0.7222985634532652,0.7364901632081065
67,0.0,0.05353281509087437,0.21586650762782203,0.7191908254346653,0.7191908254346653,
68,0.0,0.04984241162389095,0.21739142883363397,0.7166023811999409,0.7166023811999409,0.6734422735974167
69,2.026848800449049,0.046406414313691996,0.21790120764056628,0.7115998568897692,0.7115998568897692,0.7016390599947432
70,0.0,0.04320728510700263,0.21942281128311977,0.7085092156948646,0.7085092156948646,0.7150696175457161
71,0.0,0.040228694975190084,0.22094292563060736,0.7063882299533899,0.7063882299533899,0.6942039071943925
72,0.0,0.03745544056746575,0.22246165335089108,0.7027408392756471,0.7027408392756471,0.73455364390211
73,0.0,0.03487336660978347,0.22397909003419597,0.6985846885720718,0.6985846885720718,0.6747601549397162
74,0.0,0.032469293653342446,0.22549532468102265,0.6959997081629753,0.6959997081629753,0.7030903470887138
75,0.0,0.030230950803907208,0.2270104401564246,0.692917147122214,0.692917147122214,0.6719490367513238
76,0.0,0.02814691308858141,0.22852451361296888,0.6904816143273789,0.6904816143273789,0.7186008731900766
77,0.0,0.026206543140342143,0.23003761688453905,0.6868071585710529,0.6868071585710529,0.6863741339899417
78,0.0,0.024399936902680348,0.2315498168529904,0.6820052273641158,0.6820052273641158,0.6745602160841035
79,0.0,0.022717873077212323,0.233061175789529,0.6785905670818977,0.6785905670818977,0.6442268680872454
80,0.0,0.021151766056232493,0.23457175167255712,0.6748492621016549,0.6748492621016549,0.7084857730029884
81,0.0,0.019693622099965016,0.2360815984836071,0.6723405114514714,0.6723405114514714,0.6873960833054192
82,0.0,0.018335998534833996,0.23759076648287453,0.6692558604513194,0.6692558604513194,0.6843271372015066
83,0.0,0.017071965764491437,0.23909930246575678,0.6643559066267659,0.6643559066267659,0.6871135318051216
84,0.0,0.01589507189969931,0.24060725000170663,0.6599103651660561,0.6599103651660561,0.6668948967285167
85,0.0,0.01479930982652934,0.24211464965661988,0.6575606646916418,0.6575606646916418,0.6447757324801133
86,0.0,0.013779086544789466,0.24362153919989227,0.6550137515998233,0.6550137515998233,0.6390089270592213
87,0.0,0.012829194620173977,0.24512795379720234,0.6511549988695968,0.6511549988695968,0.6351509992823767
88,2.209870131890637,0.011944785604423077,0.24552899112405924,0.6479505118049563,0.6479505118049563,0.6753519586316306
89,0.0,0.011121345287822748,0.24703455179670314,0.6452049819858985,0.6452049819858985,0.6159973579619902
90,0.0,0.010354670657728481,0.248539729132032,0.6424923808036662,0.6424923808036662,0.6305649905682504
91,0.0,0.009640848445504361,0.25004454955625477,0.6401978231298117,0.6401978231298117,0.6337729447440877
92,0.41807888192195286,0.008976235152376496,0.25133999823287,0.6372918761644623,0.6372918761644623,0.6417842566714441
93,0.0,0.008357438452248626,0.2528441769520961,0.6340463019610855,0.6340463019610855,0.6455532897312416
94,0.0,0.007781299876555891,0.2543480676020344,0.6306502760978847,0.6306502760978847,0.6056683359159738
95,0.0,0.007244878692776698,0.25585169004138075,0.6285833606336928,0.6285833606336928,0.5939830916082424
96,2.097561383632139,0.006745436894315118,0.25630628206801187,0.6232179062677239,0.6232179062677239,0.6231296216152845
97,0.0,0.006280425225139104,0.2578094222806244,0.6199894792870787,0.6199894792870787,0.6442607557928003
98,0.0,0.005847470167841277,0.25931234601570835,0.6169468927226783,0.6169468927226783,0.6320880539086088
99,0.0,0.005444361828706648,0.2608150681966227,0.6124593592085932,0.6124593592085932,0.6167723748825924
100,0.0,0.005069042657950089,0.2623176027179517,0.6097507504401397,0.6097507504401397,0.6034076375597927
101,3.3297878810378174,0.007448608494918308,0.26215643308168024,0.6060700397414578,0.6060700397414578,0.6119347136574623
102,0.0,0.006935122130205638,0.26365990064274536,0.6039305471779477,0.6039305471779477,0.5990638454631042
103,0.0,0.0064570340881361455,0.2651631291597894,0.6008116056453772,0.6008116056453772,0.6171557372552291
104,12.457506112400328,0.08427324988098103,0.26047651272852973,0.5985010520341707,0.48339551173139916,0.4675065649536615
105,0.0,0.0784636862888779,0.2620157445716742,0.5970509253075154,0.39768228127044797,0.40036708021217476
106,0.0,0.07305461786194707,0.26355227188060515,0.5947480619865627,0.36453698138101964,0.3623213786587878
107,0.0,0.0680184355767596,0.2650862810983935,0.5911757926717558,0.4228647751181539,0.43373196290875693
108,2.7078932498634805,0.06332943369921679,0.2652639991903114,0.5869621848756624,0.4639072973549842,0.4684000678279717
109,0.0,0.058963678577074394,0.2667934810295999,0.5860194992243758,0.4960520950530812,0.5470527877792393
110,0.0,0.05489888647754542,0.26832093047283867,0.5831991182281931,0.5174225044227404,0.54739559958545
111,3.124209228279037,0.052142147549863974,0.2682848969324741,0.5797991592699983,0.5317088207350099,0.5616435640453801
112,0.0,0.04854761283751365,0.2698091707388929,0.5772387742064579,0.5420791555120388,0.501289078760146
113,4.592023407100153,0.05837495030425907,0.2690423465104949,0.5743411021506717,0.548635340361585,0.5418290078675375
114,0.0,0.054350743495367636,0.2705695218822426,0.5725385119980004,0.5537446167939505,0.5415724044756919
115,0.0,0.05059485688173744,0.27209481931068347,0.5699106229559888,0.5561701043968086,0.5668245363945894
116,0.0,0.047102621342446284,0.2736183706213547,0.5672607651073284,0.5572148513557985,0.511634321574692
117,1.0272556218743671,0.04385549755844406,0.27462667055919676,0.5638820287058334,0.5565372998538243,0.5800272734340081
118,0.0,0.04083222146206791,0.27614708666992777,0.5616918779884423,0.5563220287896754,0.5776616950075817
119,1.303562833256567,0.03801736161596321,0.27701431393410747,0.5579974159074281,0.5540714329339913,0.5280300157690754
120,2.955353751833625,0.03539655038317172,0.27705433533338225,0.5560105579686511,0.5531402087768609,0.5335692382044326
121,0.0,0.03295641059168936,0.2785708135386781,0.5548822030112335,0.5527836446276249,0.5367602044120012
122,0.0,0.030684487254565386,0.2800861557823054,0.5507014112829363,0.5491671215519132,0.5500330395575761
123,0.0,0.02856918399702831,0.2816004403743039,0.5455912287400487,0.5444694848814504,0.5572889061752399
124,3.4903632027593443,0.030648481864296757,0.28137058301385637,0.5435816042610191,0.542761479314042,0.5837192004211886
125,1.0885028236139285,0.028535660718280464,0.2823405994324085,0.5435205197344064,0.5429209132168412,0.5389720046190878
126,0.0,0.026568491589053108,0.2838538836782031,0.5399030605029661,0.5394646785500309,0.5548147297281033
127,3.607527544022463,0.02976425506534723,0.28356500203372453,0.5360464486245979,0.5357259405396632,0.5388342967408518
128,1.3537952403620475,0.027712390056961734,0.284401960608572,0.534060149802593,0.533825821195266,0.5690243468734311
129,17.544154831976467,0.14615559846082096,0.2772029609918142,0.5306465683883228,0.43292104315694235,0.4477642003811737
130,0.0,0.13608003777223696,0.2787710010107003,0.5280145612791626,0.34233018296978734,0.3697011919872769
131,0.0,0.12669905823044733,0.2803343505398155,0.5255145137371379,0.27002271583070736,0.2484692120350381
132,0.0,0.11796477734192218,0.28189333292848645,0.5238709002053868,0.22356298002812375,0.21971816579760473
133,0.0,0.10983228081078678,0.2834482490688919,0.5212647164445348,0.20552373090310122,0.1892482824662604
134,5.977823271480762,0.12690238822717834,0.28202278862726504,0.5193237618878654,0.2585090983638197,0.28860804644398586
135,0.0,0.11815409033387571,0.28358186567243204,0.5170005819258466,0.30155681279306323,0.3147096108694187
136,0.0,0.11000887577965852,0.28513687011032185,0.5139875568758332,0.33602171265768155,
137,0.0,0.10242516967552341,0.2866880826951596,0.5114836036049979,0.36447590577466127,0.35542654803325324
138,0.0,0.09536426318974901,0.2882357648267545,0.5083330563346963,0.38689799109017176,0.39659128865430576
139,0.0,0.08879011596987373,0.2897801598847394,0.5061287611055671,0.40581773100945784,0.3917878204058668
140,0.0,0.08266917218515317,0.291321494470832,0.5027806561624742,0.41991897259512323,0.40130719507088014
141,0.0,0.0769701892505392,0.29285997956545723,0.4994576315045907,0.43100987101454796,0.4406353608599786
142,0.0,0.07166407835795172,0.29439581160463624,0.4986801276530552,0.4421389158843627,0.4914015565264672
143,5.878387270383879,0.09054255757102422,0.2930018892482298,0.496376970436907,0.4496711166490171,0.4447484455677208
144,0.0,0.08430080533358932,0.2945440396508966,0.4941502005345448,0.455568815404912,0.4444514997890409
145,0.0,0.07848413352645393,0.2960832817176598,0.49247719376449406,0.46060700925865145,0.43718387257814056
146,2.0556277709438713,0.07307365552380189,0.2965920046599497,0.4898590253122619,0.46353261945385826,0.4368324003026706
147,0.0,0.0680361608351252,0.2981260227403673,0.4874275725167972,0.46568060166777736,0.47618026635906185
148,0.0,0.06334593702754164,0.2996576957088811,0.4856437961440364,0.46767966759065,0.48469572824622104
149,0.0,0.0589790442118189,0.301187185230987,0.483709387332937,0.46887007768598166,0.46905357210363147
150,3.4115764420437515,0.05831900891217694,0.3010105565144212,0.4803273655605222,0.46806931572565497,0.47472083549917915
151,10.36644921945666,0.11525640180869574,0.29738496010559723,0.4789528153946722,0.468827018914699,0.47114535046484113
152,3.8485040548136693,0.11433236020639401,0.2970178742582936,0.47635518271861155,0.4679907379588292,0.4707638348797736
153,0.0,0.1064506051038868,0.29857109956084554,0.47330226213009735,0.46639278570587295,0.435869604654216
154,1.0191832982963869,0.09911219628920008,0.29961106400984194,0.4703918092694719,0.46468421295675005,0.45552184749576563
155,0.0,0.09227967697959336,0.3011572038483318,0.467980107736857,0.46326532770520884,0.4654949138570078
156,0.0,0.08591817255880951,0.30270016293461116,0.46757392441974993,0.46367926315871927,0.44801592754744557
157,17.748591670706176,0.20204056138641652,0.29542688737995126,0.4643443580942883,0.46112715848927327,0.4515985636120769
158,0.0,0.18811244669739818,0.2970209436033,0.46286660580934713,0.4602090256287941,0.44382662202223944
159,6.151296380910272,0.20122163590754388,0.2955459062307986,0.45904777900292687,0.4568524743729738,0.450182540889005
160,8.09171919048975,0.22948421183817316,0.29311478874147284,0.45743182048702996,0.4556183802303685,
161,22.54150039381019,0.3753686802311257,0.2835317228846833,0.4568271436447804,0.45532914386775375,0.4471975368546418
162,0.0,0.3494918068298223,0.2852064687880982,0.4556302482453719,0.45439281927915365,0.45131540567521156
163,0.0,0.32539881315075575,0.28686916819467356,0.4539481413789343,0.45292595794962676,0.4692003251383891
164,0.0,0.3029667234845326,0.2885206515564158,0.4530442225970337,0.45219984360338744,0.4650952478865258
165,13.309696997813461,0.36739430857065203,0.2835495002117945,0.45252922269071366,0.45183171977494974,0.4857358709541424
166,4.799377568959991,0.3569504763250259,0.282828286665477,0.4522259314014775,0.4516497560776079,0.40984005451503613
167,0.0,0.3323433027038536,0.2844944583168289,0.453199350479712,0.4527233983223765,0.46986057721283864
168,0.0,0.30943247923146533,0.2861491745564446,0.45231071022051894,0.4519175478358363,0.44227186610037467
169,0.0,0.2881010642439555,0.28779322508856664,0.4505381142853352,0.45021334074805247,0.4529071771244101
170,3.299831679423257,0.27072130016076223,0.28777866989893536,0.44916051417785585,0.4488922335446121,0.4656466212425934
171,0.0,0.25205852625276637,0.28940469916206174,0.44778294053171774,0.44756132610895893,0.4692263892227858
172,2.8094883792460785,0.23468231210100005,0.2896172961284892,0.44652371840774513,0.44634065281378404,0.46712766661996075
173,3.990914677776647,0.2267038353852312,0.2892351907072935,0.4450713907066364,0.44492016854366323,0.4480223023652283
174,0.0,0.21105567671586542,0.2908407185456514,0.44380380416209464,0.4436788864073157,0.47587214006768197
175,0.0,0.19650608503538725,0.2924389715881691,0.4406396095246439,0.440536420644164,0.43487693609984124
176,0.0,0.18295950176180276,0.29403045133905004,0.43993799630805314,0.43985275666201834,0.4370331184006026
177,0.0,0.17034678228360708,0.2956156247301918,0.4377858138382521,0.15538346693232538,0.1713704907102071
178,0.0,0.15860354862661122,0.29719492650450513,0.4349999702492844,-0.00475700053423249,-0.015784448693841765
179,0.0,0.14766986085521475,0.29876876143493275,0.4339963899836248,-0.032780891204795846,0.01043723396922909
180,0.0,0.13748991112636252,0.30033750639049595,0.4336379954228583,-0.04997469915213173,-0.029590567845039287
181,9.478100096764116,0.18161834776588637,0.29718926551599684,0.43242061828147443,-0.054040569994055696,-0.010529063541647822
182,40.578738598275706,0.4800640635682096,0.2786399282486431,0.43103079465137334,-0.04176903756533156,-0.04230082130844716
183,0.0,0.4469697814618259,0.28036341313937396,0.42966630361702896,0.02709556947213644,0.019433798466910297
184,0.0,0.4161569271715472,0.28207149160295975,0.43198379089937466,0.08903211858833644,0.09237307863167496
185,7.903221277149382,0.42804263172544343,0.2798339022802478,0.43217949032205566,0.13986382104470219,0.154555351096826
186,17.47721162129378,0.5183342275832002,0.2728544635833925,0.4304089292713826,0.18112050878243546,0.16937195504495522
187,0.0,0.48260170674935193,0.27459576443676714,0.4293769195995128,0.21666828216831377,0.22426231710776273
188,0.0,0.44933248657595726,0.2763204306800552,0.4290745129782239,0.24747984439747758,0.2471437588190609
189,0.0,0.41835675396273125,0.27802960905703655,0.427000537633374,0.2718841401261303,0.3041977753376592
190,14.952344285655334,0.4884226612424743,0.2722976482448301,0.4265388854983259,0.2939673076521381,0.2807132714061208
191,4.095732860710622,0.4638194059934719,0.27198169151747154,0.42574082821731096,0.31237492879978607,0.33329816423436043
192,1.9279656165492751,0.4318449854249506,0.2727336312019094,0.4265437278679245,0.32954753519021646,0.31667026447941626
193,16.95104463407659,0.5175203989142411,0.2660168690843282,0.4269565585895295,0.3439202851324848,0.3247076012703363
194,0.0,0.481843981166628,0.2677577910749115,0.42405593239331446,0.3529309229162543,0.3387249343687418
195,0.0,0.4486269964886535,0.26948210457315586,0.4237769069914171,0.3628206500731944,0.3390169328363495
196,9.516047022265965,0.4716205200775795,0.26645989132206166,0.4217053296817711,0.36943495830784,0.37236196550916906
197,0.0,0.4391083123888881,0.2681794454782561,0.4224763904150022,0.3776293458080978,0.3982545617296711
198,0.0,0.40883740592394047,0.26988386418121807,0.4221694818476966,0.3836702237825407,0.38695652135323666
199,0.0,0.38065329160652595,0.27157419082702133,0.4221219040977524,0.3890537267685545,0.401540229012252
200,33.26955870887724,0.6048942550065242,0.25674185860008597,0.4203478247349108,0.3919289851679974,0.4245724690795
201,21.23096338143308,0.7140566789503522,0.2479834052488446,0.4224305564976277,0.3979940469770982,0.40339457592067524
202,0.0,0.664831596369738,0.24981582104702946,0.42521793056117824,0.28229098084067233,0.2861942280599342
203,1.7558615062426994,0.618999954151071,0.25074739027098364,0.4246883568634362,0.17109210433919336,0.16559087497998787
204,0.0,0.5763278179485588,0.2525355541799579,0.4254063499281224,0.07677400674315245,0.044609161042926795
205,0.0,0.5365973801999393,0.25430385287005786,0.4248881808092652,0.003560854628521973,0.01875563326588365
206,0.0,0.49960584839085165,0.2560536557942533,0.42485023387082727,-0.041678699974423625,-0.0768079089269432
207,6.874851083999388,0.4972290004447073,0.254364844752476,0.42341152211471644,-0.05757528723308097,-0.04452175850540441
208,4.992616474341705,0.47944041832824535,0.25360825672446924,0.4251163966596548,0.005526298586630196,0.005239891871951108
209,0.0,0.4463891285911556,0.2553314512887648,0.423912111542189,0.05787699045590547,0.08041261947211417
210,2.381164776152037,0.4156163028957378,0.25584867705213665,0.4232447403506262,0.1039251709105189,0.10256976570030965
211,9.679226308335465,0.4422358088616044,0.2527301818023997,0.423254460990863,0.14468509406624988,0.12822109090709655
212,2.3276205268113697,0.4117493014833423,0.2532722461897357,0.4222404617855863,0.1792182169583874,0.18637642229343912
213,0.0,0.38336444918027046,0.2549639284143258,0.4215156652520502,0.20950224150746607,0.19829751879330354
214,4.6829312951397055,0.3708618596839124,0.2543078936965979,0.4203480497715732,0.2353849181305948,0.23176578163735853
215,6.544067769901154,0.37462301564229195,0.25272317131946853,0.41957116708546294,0.2582054448516981,0.2590428605889381
216,0.0,0.34879754628501597,0.254397570092611,0.41778511395622864,0.2770049257883977,0.2743139315534843
217,10.029626072379429,0.3828984836307913,0.25107420629823674,0.4166292729439605,0.2938073830477818,0.29003133754830546
218,0.0,0.35650252651373987,0.25275245756149356,0.415864274754035,0.30870893052788206,0.29206003076214104
219,0.0,0.3319262333073897,0.2544184206781473,0.41486170832668845,0.3213737717668887,0.3175910960850325
220,0.0,0.3090441614398643,0.2560729427588672,0.4141487367557688,0.33258429841750337,0.28981748627508297
221,32.05141655754221,0.5281414707472802,0.24181130521546976,0.41299175073447114,0.34182952430598357,0.338682882401479
222,20.596925580465285,0.6373483231247582,0.2333315165867995,0.4138641091748493,0.3517769947178427,0.3278158749992042
223,5.94952524215911,0.6178187732855721,0.23216566335236272,0.4142031067843042,0.36003338913031235,0.3824386629372528
224,0.0,0.5752277433770893,0.23395327722405126,0.41465655339802243,0.36739427055687957,0.39279280550330464
225,0.0,0.535573141711545,0.23572106379490704,0.4143772184490043,0.3731412944770071,0.334120778866582
226,13.718703905605127,0.5873459251910697,0.23065538480470002,0.4140508806623353,0.3780726693828277,0.3809710051901455
227,2.8674742702087888,0.5468559297562282,0.23099507563447375,0.41326255537675116,0.3818714866277075,0.37934420818437237
228,0.0,0.5091572020564618,0.23274965423550198,0.41408241967512005,0.38669347923319086,0.3657591666315735
229,37.086384151316786,0.7561238884129805,0.21608452410405007,0.4130570640314531,0.3891598727759047,0.3997929356288847
230,0.0,0.7039988093464038,0.21793652350872328,0.41374512657842033,0.39289441446140816,0.38366062356831326
231,5.6464475504919545,0.6773665768886354,0.21695198302192162,0.4152659385195894,0.39707323506756836,0.3617212531538363
232,0.0,0.6306708079565317,0.2187673184258999,0.4167143780237995,0.40084076390204526,0.3955072308609059
233,0.0,0.5871941155341903,0.220560915483667,0.4171135296991772,0.4032633137573567,0.4002982513913548
234,18.540317285424102,0.675311504121874,0.21312841259301588,0.41567097261969765,0.4035861761758999,0.4057147965407294
235,0.0,0.6287574061938166,0.2149427912961128,0.4171816973364211,0.40663724257659434,0.38201258260193904
236,4.665105968433886,0.5991914552431145,0.2144098340395174,0.4182805837267325,0.40908009628067515,0.4213937148191069
237,0.0,0.5578835944995013,0.21618877583676716,0.41757140767544787,0.40954355492742195,0.42425269669139976
238,54.17107606504486,0.942867916364034,0.19107467176242673,0.41883441184517445,0.41182970856305956,0.38891316302596135
239,0.0,0.8778692231036375,0.19301360637397855,0.4209736920518212,0.4148617136619619,0.40168460228229835
240,23.14242523550652,0.9840293857191824,0.18343440844908487,0.42229086002597604,0.41695781148577266,0.4153510652091855
241,0.0,0.9161931351781442,0.18539250501667395,0.4256396119135709,0.4209862067836343,0.40966770024338695
242,0.0,0.8529957363230537,0.18731900288483547,0.4282748537500776,0.4242144638672457,0.4590895560642394
243,0.0,0.7941925813366223,0.18921609917550378,0.4308898098505264,0.4273468510610708,0.4315142933842357
244,0.0,0.7394431523995886,0.19108582075170358,0.43132689080119735,0.4282354146250131,0.4080237738979291
245,0.0,0.6884679969062664,0.1929300547501567,0.4348521778382121,0.43215464278241317,
246,0.0,0.6410069269368089,0.1947505582136251,0.43564374328513905,0.43328994288141176,0.43214053771629735
247,0.0,0.5968099947132911,0.19654896321098175,0.43521729062411074,0.4331634181912912,0.4790789943564634
248,5.351035849619172,0.5751225142811456,0.19566100654331273,0.43669649073943767,0.4349043234259229,0.4313390369894616
249,0.0,0.5354751668169699,0.1974287441267212,0.4370975865315233,0.43553377341911736,0.43808330180391347
250,0.0,0.49856099727908315,0.19917802462536074,0.4379492023009343,0.43658464329426305,0.4468655508574266
251,3.6723212427646326,0.46975508057661897,0.19907674154426674,0.4379229402467166,0.4367322441667835,0.4359297254415227
252,0.0,0.437371471101754,0.2007954272798176,0.4380332535065391,0.43699426528504853,0.4826074827363827
253,0.0,0.4072202976472368,0.20249903742864123,0.43826705446210334,0.43736044262249596,0.42672994368199274
254,0.0,0.37914766227933583,0.20418861125978088,0.4373400402976776,0.43654893703352604,0.4514329995364418
255,0.0,0.35301027636008037,0.20586511639796093,0.4376889298853094,0.43699861702783804,0.44020737640750945
256,0.0,0.3286672896844298,0.20752945004280315,0.43674535003984627,0.43614298506221055,0.4485669125265389
257,19.8354250642717,0.4453238819880767,0.19933439945166134,0.4352756501177183,0.43475002707030574,0.411217167901911
258,0.0,0.4146244914324048,0.20104171169737756,0.43541035863789096,0.43495169956023844,0.47031395346238225
259,0.0,0.3860414315264217,0.20273473241314077,0.4357407285512727,0.4353405014744027,0.43290995133113347
260,0.0,0.35942880831791035,0.20441444681729973,0.4352371157449989,0.43488787589367384,0.43557114113502415
261,15.241106866356816,0.43594656946138793,0.198511866668852,0.43395674406800233,0.43365199530484355,0.41495247006746855
262,0.0,0.40589362476515267,0.2002148134812346,0.43460281900913067,0.4343368929398134,0.4197429875761484
263,6.563456777892434,0.4073991694859001,0.19863678467703133,0.432696766798949,0.4324647172868227,
264,0.0,0.3792951638462094,0.20032643225895444,0.43155339428217276,0.4313509054077965,0.4510809031300101
265,0.0,0.3531454165330848,0.20200300496722098,0.431328535709983,0.43115184146158364,0.44621693527665834
266,0.0,0.32880055315702894,0.2036674052437995,0.42955905226279834,0.429404866462214,0.4535842714559854
267,11.121350778277376,0.3733385491800053,0.19979339912925081,0.4290536507459225,0.42891910590527593,0.4432088841490679
268,0.0,0.3476016273702028,0.2014671999429359,0.42872214241581197,0.42860473638651836,0.4291739730536554
269,6.171017016432006,0.34987926506293054,0.20005663106725138,0.42920262245527213,0.4291001718761279,0.4458306916650182
270,0.0,0.32572144184063767,0.2017194917881717,0.4278907201058139,0.4278013197835454,0.43967338459170496
271,0.0,0.3032671110493462,0.20337112534369636,0.4267400846617087,0.4266620721278428,0.4246505667970138
272,5.844037660530173,0.3058871313527817,0.20210205007910767,0.42643076636041405,0.42636269094472795,0.44088414531553133
273,0.0,0.2847869627219115,0.2037444435604686,0.42335457703588486,0.4232951728807941,0.4490091207713755
274,0.0,0.2651040341209117,0.20537699557752906,0.42573561199230286,0.42568377450592637,0.43037520098461035
275,0.0,0.2468284989193661,0.20700040982698875,0.42419909979687076,0.42415386510653436,0.4170297631579179
276,0.0,0.22981282831403638,0.20861531624114577,0.4225406750917273,0.4225012021155279,0.43687542957475434
277,0.0,0.21397017074171001,0.21022230132651662,0.4223907097534503,0.42235626455624165,0.4603706993128933
278,0.0,0.1991930154739628,0.2118218978342536,0.4212567524880064,0.4212266946306902,0.4170154537674414
279,0.0,0.18545655200871536,0.21341462611025794,0.4183114198197753,0.4182851904478887,0.41643899800556905
280,0.0,0.1726716928275582,0.2150009619566717,0.4177157865486175,0.4176928979985789,0.4149649473578864
281,0.0,0.16076818630022546,0.21658134604982182,0.4172857060092242,0.41726573273884776,0.4417260809021075
282,0.0,0.14968527442466212,0.21815618868703415,0.4154916305275617,0.4154742012020967,0.37873023606383366
283,0.0,0.13936561274082124,0.21972587149340456,0.41381871012403804,0.4138035007104949,0.4211204081254441
284,0.0,0.1297581347936234,0.22129075056080136,0.4128698715540126,0.41285659929530005,0.43670187761051743
285,0.0,0.12081296967016025,0.22285115704563643,0.41048311139224836,0.41047152954901955,0.39420386613098823
286,0.0,0.11248189824465886,0.22440739799475876,0.4094112084399154,0.4094011017023049,0.4391806498655544
287,0.0,0.10472770884605713,0.2259597618491818,0.4080646906143811,0.4080558710982815,0.41876205126768723
288,0.0,0.09750807171024352,0.2275085158850369,0.4058129140074915,0.4058052177608918,0.394824499415791
289,5.427056542521339,0.11087015305208912,0.22635042269030228,0.4028203384290475,0.4028136223834487,0.40689641877100313
290,0.0,0.10322707288688854,0.22790203622674574,0.401070447323245,0.4010645866334461,0.370374744208122
291,6.823153909680373,0.1277476791522898,0.22605433311148168,0.3986426177629377,0.3986375034857126,0.3873260827620031
292,0.0,0.11894110925226857,0.2276138036661078,0.39821593425581786,0.3982114713243073,0.4347495476752935
293,0.0,0.11074163980149705,0.22916917448600857,0.396891496614087,0.3968876020702314,0.37901152110546527
294,0.0,0.1030906756676496,0.2307207198238424,0.3961723546118844,0.396168956064023,0.4330603907022464
295,0.0,0.09588676493994915,0.23226866320631237,0.39477293496329835,0.3947699692402502,0.3931384974764447
296,0.7491225893413171,0.08927659790181527,0.23343874021059263,0.393474798360423,0.3934722103370172,0.41336546801654606
297,0.0,0.08312211740498246,0.23498030126929512,0.39110686667696115,0.391104608249176,0.3919825487021655
298,0.0,0.0773792368070814,0.23651899088769865,0.3901731205601466,0.39017114975079786,0.34534151887832465
299,0.0,0.07200750947292679,0.23805499464243512,0.39033411189454364,0.3903323920728918,0.3788793658532018
300,0.0,0.06704351192942697,0.23958851639839984,0.3883752364457167,0.3883737356464802,0.3921708075781079
301,0.0,0.06242171857813209,0.2411197272576889,0.3861204134709979,0.3861191038001103,0.3631001096209484
302,7.801585827344612,0.09785190659885071,0.23876786029731603,0.3842908573706065,0.38428971448666627,0.35734149982121444
303,0.0,0.09107537609611298,0.24031339798536408,0.38229794306020326,0.3822969457219755,0.389620662796434
304,0.0,0.0847940607965407,0.24185579501576235,0.3800639598908151,0.3800630895623695,0.36707478956682016
305,0.0,0.0789485939476191,0.24339526931273617,0.3786524313333359,0.378651671839481,0.34473512741986817
306,0.0,0.07347003942715293,0.24493200433244974,0.3767926153593583,0.37679195258496334,0.36310964911283444
307,0.0,0.06840521913400914,0.24646620694201674,0.37664748683751825,0.3766469084651338,0.39386165993232836
308,0.0,0.06368955347317336,0.24799805171875333,0.3750419950551896,0.37504149033608736,0.3655665689344387
309,0.0,0.0592821313022013,0.24952769278440443,0.37374751179069227,0.37374707134506774,0.39244252277410496
310,11.014890963517402,0.12151901774575154,0.2455810068115186,0.37306837346295907,0.37306798910558203,0.4036134443585789
311,0.0,0.11314183444926189,0.24713757772874323,0.37139709828387074,0.3713967628719427,0.37204707088185307
312,0.0,0.10534215088314214,0.2486902488041848,0.37143465844230444,0.3714343657426938,
313,0.0,0.09800192103849903,0.250239249764704,0.36936837871952116,0.3693681232929083,0.3433368213801122
314,0.0,0.09119882122150488,0.2517848491753148,0.3671048420158825,0.3671046191156608,0.3665795420319175
315,0.6341714371148961,0.08491182799222456,0.25301021937075346,0.36526526011575167,0.36526506559980443,0.3828861791399692
316,0.0,0.07905824260019044,0.2545497484920536,0.36365982274062414,0.36365965299433906,0.3690399595606062
317,0.0,0.07360818711384831,0.25608655258561047,0.3607507861406845,0.36075063800977203,0.3716957818135365
318,3.4537467304509404,0.07228862065609308,0.25589582353071305,0.3591993722261987,0.3591992429580676,0.350332407339961
319,0.0,0.06730524408903166,0.2574294761527576,0.3560183811563276,0.35601826834892664,0.36202672353188536
320,0.0,0.06265539269966984,0.2589608038491074,0.35589187884578327,0.3558917804029582,0.34646560508540775
321,0.0,0.05833095396850888,0.2604899693260917,0.354273371829035,0.35427328592157215,0.3477610878506305
322,0.0,0.054309780144707276,0.262017124216164,0.3520839750767315,0.3520839001083615,0.3262389706419762
323,0.7950948299070032,0.0505658148666455,0.2631448597086439,0.3496224927728009,0.34962242735053334,0.3181781674060398
324,0.0,0.04706268500147731,0.2646683910511446,0.3476821094494847,0.34768205235772004,0.33804291852094115
325,0.0,0.04381831431781029,0.2661903002083035,0.3458984369843446,0.3458983871622835,0.32374640035172775
326,8.861924951966614,0.08930532969032927,0.26330399039716534,0.3432890465724557,0.34328900309438526,0.32411408869198877
327,0.0,0.08314451879511545,0.2648455626565629,0.34099197820269994,0.3409919402607906,0.35441288952009836
328,0.0,0.07740360677945413,0.26638426445995267,0.3394137791640398,0.339413746053333,0.33727212762386566
329,0.0,0.0720676172871957,0.2679202982685962,0.33748649776319756,0.3374864688685056,0.39576898662895654
330,0.0,0.06708130728762995,0.26945383892224006,0.3370072673936475,0.33700724217812117,0.35553408368658557
331,0.7738492661135393,0.06245690842940046,0.270598142743398,0.3367090543037283,0.3367090322988812,0.32404527999529026
332,0.0,0.0581513027739972,0.27212721839478493,0.3352723407942125,0.3352723215912152,0.35083246843311333
333,4.8017863753533065,0.06905238782015698,0.2712608514010184,0.3342832702699088,0.33428325351199173,0.34141933127079144
334,1.1011008746659217,0.06421702177975264,0.2722424094745753,0.33153122637619126,0.33153121175201533,0.31781759016166866
335,0.0,0.059744597741439844,0.27377228177344604,0.3307468697250793,0.3307468569629506,0.35279875630464935
336,0.0,0.0556183478945787,0.2753000909473933,0.3292807792503167,0.32928076811313794,0.3137741959558527
337,0.0,0.05178417359327184,0.2768259830341899,0.3283210717467346,0.32832106202759964,0.2671534369803675
338,0.0,0.04821431661042733,0.2783500901924951,0.3284668865120193,0.32846687803036856,0.34434817321316585
339,0.0,0.04486285205392346,0.2798725216185221,0.32471690898446837,0.32471690158273375,0.31237171921037826
340,2.867797976869808,0.0417701317387763,0.27995950769595657,0.3235145700704339,0.32351456361111103,0.35323531345820186
341,0.0,0.038890614965308296,0.2814789530034393,0.32094707877554096,0.3209470731386346,0.30795362900429657
342,0.0,0.036121504313946284,0.2829970137555962,0.32007270534102233,0.32007270042181624,0.29644561548610904
343,0.0,0.03363138821363368,0.28451382944970305,0.317286667548181,0.317286663255293,0.34825589657413203
344,0.0,0.031306093780042045,0.28602948249659305,0.3153230411583134,0.3153230374119969,0.2938130709092899
345,1.675268836501993,0.029147938696520763,0.2867064220476903,0.31405861029186116,0.3140586070225238,0.31812648085257494
346,0.0,0.027138560825425075,0.28821999132810305,0.3132034913837281,0.3132034885306389,0.3421980324465736
347,0.0,0.025227538333481105,0.2897326050972698,0.31180642720579965,0.31180642471596026,0.3140963715841781
348,0.0,0.023488421965860713,0.2912443493082527,0.3095416359269482,0.3095416337541086,0.3079299354477529
349,0.0,0.02186489180903588,0.2927552817541572,0.30752104403667346,0.30752104214047243,0.3095695108852439
350,0.0,0.020357586945648667,0.29426546054763003,0.30694262829128466,0.3069426266365001,0.3237236996812768
351,7.065341804667932,0.052462845510381016,0.2922590210680513,0.30547159656173417,0.3054715951176288,0.28933535192403287
352,0.0,0.04884620277207805,0.29378344416943736,0.30243993222710097,0.302439930966851,0.31465275095276635
353,0.0,0.04542682116457986,0.29530615758001966,0.301937661290042,0.30193766019023915,0.3134791685290286
354,1.1870517179661624,0.042295222386611264,0.29623377933222983,0.3009980510398263,0.30099805008004255,0.34765229058769337
355,0.0,0.0393795073234781,0.2977534690858916,0.30050925283052654,0.300509251992935,0.2937787413943648
356,0.0,0.03666479355197244,0.2992718014826676,0.29880233451063737,0.29880233377968085,0.2805057365956726
357,0.0,0.03413722460177359,0.30078887009496846,0.2982589927151711,0.2982589920772731,0.3129727325374063
358,0.0,0.03178389922910787,0.302304762044583,0.2958201251446269,0.29582012458793966,0.28787697959445524
359,0.0,0.02959280556608572,0.3038195584473661,0.295016162929023,0.2950161624432072,0.3007984857708748
360,0.0,0.027552759809600445,0.3053333348272709,0.29314810437395017,0.2931481039499828,0.2957996344005879
361,0.0,0.025647272643270755,0.3068461584635925,0.29244695385287867,0.29244695348288563,0.31581483270939775
362,0.0,0.023879220959070607,0.308358098074072,0.29207394668946296,0.2920739463665725,0.2789371966631713
363,0.0,0.022233053843318838,0.3098692146009937,0.2899550267062124,0.28995502642442794,0.28810943584726467
364,9.035154533191262,0.07063984301498426,0.30688695725590553,0.28852577189211615,0.2885257716462044,0.23748351866194584
365,2.6068940706682713,0.06577012859538701,0.3071163952848691,0.287352279624636,0.28735227941002994,0.26955000148444136
366,0.0,0.06123611875151209,0.3086470133442448,0.28731933679714927,0.28731933660986336,0.31804611284063444
367,1.1727774136501499,0.057014670943068474,0.3095891319728913,0.2867916999907291,0.28679169982728525,0.273161581534398
368,0.0,0.05308423801216351,0.3111156740918974,0.28432262632539806,0.284322626182761,0.2702930898249119
369,8.689007757002777,0.09650158774801035,0.30831942100727,0.2835292468598602,0.28352924673538105,0.25917110309568103
370,0.0,0.08980552364966372,0.30986432376909484,0.2831696820799071,0.28316968197127423,0.29476636776499265
371,0.0,0.08361458048203127,0.31140613105933584,0.28416746164807233,0.28416746155326844,0.2877272648207037
372,0.0,0.07785042372738576,0.3129450562711995,0.28133598177568064,0.2813359816929452,0.25759864450033676
373,0.0,0.0724836319167558,0.3144812980871579,0.2796417166336978,0.27964171656149445,0.29299072404328086
374,0.0,0.06745517341776465,0.3160150256738668,0.2798073655421191,0.279807365479107,0.28500948307596996
375,0.0,0.06280500126776087,0.3175464281745007,0.27726671400473757,0.2772667139497467,0.2923473815383903
376,5.382583092952637,0.07818218563665913,0.3163942277208427,0.27487870195663366,0.27487870190864294,0.2620491117400991
377,0.0,0.07279252308220378,0.3179306239823838,0.2742684943463655,0.2742684943044838,0.309028669459194
378,0.0,0.06777440888258589,0.31946451118682506,0.27414451779093635,0.2741445177543859,0.28234186987307414
379,0.0,0.06310222952701744,0.3209960623015886,0.2723172647547805,0.2723172647228827,0.26997947438335873
380,1.189459776954301,0.05873114676390609,0.32193069798649343,0.2716923881690615,0.271692388141224,0.2613157025090773
381,11.34016256199534,0.12369765562863556,0.31782246553331006,0.27063331562751086,0.2706333156032169,0.2657367681694525
382,0.0,0.11516208727336857,0.31938004657694674,0.27118810170819263,0.2711881016869911,0.2883639415733813
383,2.3986288879896263,0.10722313309325981,0.31973434369949855,0.2701912228541211,0.27019122283561825,0.2648118889936507
384,0.0,0.09983146834638489,0.3212842594336717,0.2701658647428098,0.2701658647266622,0.29172874220082445
385,0.0,0.0929420137131412,0.3228307304405283,0.2682226438571804,0.2682226438430882,0.27983616729432
386,0.0,0.08653484963904665,0.3243739978653478,0.26698454883462236,0.2669845488223239,0.29391445229855434
387,0.0,0.08056937764620041,0.32591428255417093,0.265819696563804,0.26581969655307097,0.28210178112089446
388,0.0,0.07501514871029452,0.3274517901285261,0.2658769163594038,0.2658769163500369,0.2646181310233202
389,0.0,0.06984381287811746,0.3289867120349651,0.2653562324293246,0.26535623242115,0.22716943357801894
390,0.0,0.06502897456342766,0.33051922652224686,0.26348999793500427,0.2634899979278702,-0.2305385904621884
391,0.0,0.06054605781832714,0.33204949955115604,0.2630512636417926,0.2630512636355666,0.2788327842933347
392,0.0,0.05637218089245215,0.33357768564160223,0.26268897905798566,0.2626889790525521,0.2659468246802943
393,0.0,0.05248603943970449,0.3351039286613221,0.26143288110181295,0.26143288109707097,0.27256151543206963
394,0.0,0.04886779777638624,0.3366283625602103,0.2600246805349832,0.26002468053084477,0.25059227857389577
395,0.6591266155727942,0.045498987635696236,0.3378215487462417,0.2586759222779408,0.2586759222743291,0.2510663706351081
396,0.0,0.0423624139018103,0.33934272995319265,0.2558222337578245,0.2558222337546725,0.23697445287669136
397,10.59061041091016,0.10225475540379472,0.33559855212543943,0.25485670225980966,0.25485670225705886,0.2820947103135099
398,0.0,0.09520559680421205,0.33714615492384153,0.25412169035044946,0.25412169034804877,0.2572895756199112
399,0.0,0.0886423876039101,0.33869047611764347,0.25226794009480374,0.2522679400927086,0.24241821840175548
400,1.3972527933786743,0.08253162780209797,0.3395331155348552,0.252010767577784,0.25201076757595553,0.22537371743136272
401,0.0,0.07684212679491913,0.3410715365982527,0.24962082067235114,0.24962082067075536,0.24655467514609405
402,2.537392240263701,0.07153857119518614,0.34133860976371844,0.24804619996422392,0.24804619996283125,0.27689882380208225
403,3.1233935417329146,0.06762798880866874,0.3413107269872563,0.24654033231342337,0.24654033231220795,0.25577876524055426
404,0.0,0.06295602191212558,0.3428422049982124,0.24749328248015928,0.24749328247909855,0.2330028510185951
405,0.0,0.058616008760611016,0.34437151300259267,0.24484026173559645,0.24484026173467072,0.2734301609393747
406,0.0,0.05457518405180984,0.3458988005946186,0.24434890223141792,0.24434890223061,0.2729191052205709
407,0.0,0.05081292256613672,0.34742420705590166,0.2442270588911469,0.24422705889044183,0.2638425823148279
408,1.5422035623612336,0.047310020929312524,0.3481767602851857,0.24352990529813934,0.24352990529752397,0.25930624266288715
409,0.0,0.04404859959430121,0.3496987845849828,0.24362994303457158,0.08744625207074255,0.11055928767202387
410,0.0,0.041012011580339576,0.351219290590773,0.24153501717842574,-0.047054813608149906,-0.03618963268123674
411,0.0,0.03818475750324454,0.3519,0.23816385387464808,-0.13889693107082868,-0.12339691472034574
412,0.0,0.0355524064632949,0.3519,0.23784836274574625,-0.17027928991527977,
413,0.0,0.03310152238688262,0.3519,0.23556432262373544,-0.07202868100875634,-0.042037524795720815
414,0.0,0.03081959544596587,0.3519,0.23415416627299349,0.002330972557074914,0.006954576357624439
415,0.0,0.028682568013645326,0.3519,0.23189212999392234,0.057174264145257205,
416,0.0,0.02670527150383431,0.3519,0.2318665189247262,0.10018714656597637,0.05934218709354366
417,0.0,0.024864284319110596,0.3519,0.23164822537288085,0.13240561489013977,0.14651379225278732
418,0.0,0.02315020967350226,0.3519,0.22984057782855136,0.15504453681617175,0.17467376762523862
419,0.0,0.021554298569341972,0.3519,0.2296606531144346,0.17328922431068772,0.1664305720916585
420,0.0,0.020068405140541975,0.3519,0.22869487831184607,0.18620950151429447,0.1952583876637998
421,0.0,0.018684945074379514,0.3519,0.22746904380567065,0.19544914862234913,0.21041567658900398
422,0.0,0.017396856899568776,0.3519,0.22644221256347402,0.20230982243694806,0.21385745268284603
423,3.5132714940120175,0.020424198443713418,0.35165357635221584,0.22515668907430933,0.20696886397729775,0.19617567885560672
424,0.0,0.01901621097623039,0.3519,0.22470399134412816,0.21099639835291809,0.20815764175380677
425,0.0,0.017705286250967216,0.3519,0.22394485763638491,0.21361387498120388,0.23399466431681745
426,0.0,0.01648473303228095,0.3519,0.22252597960401688,0.21473984219170061,0.2402862438760819
427,0.0,0.015348321359714227,0.3519,0.22246645038796548,0.21659828297089245,0.21857781984305308
428,5.22994276176947,0.032743140914881716,0.3508014001895727,0.2207862580977316,0.21636360447485403,0.2179042540556541
429,0.0,0.030485919796450284,0.3519,0.22006259856383328,0.21672938332340777,0.2207393103983506
430,0.0,0.028384305227516903,0.3519,0.2194710732804206,0.21695893355925056,0.23771223775608816
431,0.0,0.02642639737008077,0.3519,0.21993318511942908,0.21803986424949443,
432,0.0,0.02460463499295048,0.3519,0.21840317415719535,0.21697623763518464,0.19039492095620678
433,0.0,0.02290845985013934,0.3519,0.21912416012741415,0.21804872285199925,0.22053502217577323
434,0.0,0.021329214306808734,0.3519,0.21826980362437887,0.21745928030010192,0.19532870494003166
435,0.0,0.019858837561400153,0.3519,0.21704508927362887,0.21643422328059006,0.20469203378728826
436,0.0,0.018489824501607882,0.3519,0.2153438242606398,0.21488343373235444,0.21660934849832714
437,0.0,0.017215187396706584,0.3519,0.21490594139584954,0.21455895950301143,0.22420905811132302
438,3.1662757872488143,0.017404360856604753,0.3518255642868039,0.21392926761361022,0.2136677582502313,0.1922259215406259
439,0.0,0.016189401851143058,0.3519,0.2118054807311153,0.2116083893308248,0.22764049826592883
440,0.0,0.015073349489270702,0.3519,0.20966457183989431,0.2095160302367693,
441,6.460612816634333,0.04267098235604199,0.3501910290828608,0.2081035639572912,0.20799161281266262,0.21889993379817826
442,0.0,0.039729363445117766,0.3517108937645834,0.2065088907203485,0.20642451665597863,0.17486988163278885
443,0.0,0.03699053156508274,0.3519,0.20667960894531603,0.206616018860892,0.1811175510170624
444,0.0,0.03444050714171533,0.3519,0.20712686579863093,0.2070789399476332,0.2199233785391805
445,0.0,0.03206627431378173,0.3519,0.2070576612473607,0.20702154103750936,0.1988942965668167
446,0.0,0.02985105759543498,0.3519,0.2064713650886536,0.15058590850105796,0.13467474254605077
447,0.0,0.02779320866191057,0.3519,0.2050955982951936,0.09716525991769978,0.08826972473190516
448,0.0,0.02587722211365238,0.3519,0.20420358393140944,0.05158058792187664,0.06088123980498407
449,22.213015835765216,0.1830820049909311,0.3423850330846129,0.20414080874416243,0.017223861340350255,0.01614292541774291
450,0.0,0.17046084048064206,0.34397026350485316,0.205785802425351,-0.002688747774298783,-0.003276403283463688
451,0.0,0.1587097439685906,0.34554961837683745,0.20616534115617735,-0.009660921473665735,0.011434606532469579
452,0.0,0.14776873538550975,0.3471235027445302,0.20531339884566704,0.015200710371860354,0.0008728985273940247
453,0.0,0.13758196952138088,0.3486922937292909,0.20475055191535407,0.03728781132118897,0.027849137749679245
454,0.0,0.12809745097973105,0.35025634245478077,0.20363881981284282,0.056127440867110384,0.04567884129028406
455,0.0,0.11926676878218816,0.35181597583917185,0.20220395199546334,0.07226688642378534,0.09564532963751847
456,0.0,0.11104484926866108,0.3519,0.20134769351047202,0.08689111468288614,0.10671922784444769
457,0.0,0.10338972603189381,0.3519,0.200852127704061,0.10003168152096947,0.12577321260833438
458,1.8937400998123393,0.09626232571209242,0.3519,0.2019775729319338,0.11316865121396805,0.11249363907352485
459,0.0,0.08962626855827478,0.3519,0.2012932677665884,0.12306482448857281,0.11992877345179997
460,0.0,0.08344768273836659,0.3519,0.2018988519396563,0.13299033990057996,0.15004579982113123
461,0.704553954194928,0.07769503145024298,0.3519,0.20289398140938728,0.14219503733494018,0.13430680373812853
462,1.6817612402054216,0.0723389519512547,0.3519,0.20217910661741462,0.0959515686383839,0.11256489580588099
463,0.0,0.06735210568461095,0.3519,0.20298157675782402,0.05395941228704238,0.06844526731864448
464,0.0,0.06269853144428286,0.3519,0.20287299986168028,-0.09010870322956134,-0.10407506349331729
465,0.0,0.05837626896987408,0.3519,0.20161927101226673,-0.19740244918305735,-0.19906634256786038
466,1.7192877253325998,0.054351971255840646,0.3519,0.20104224348276437,-0.24275527642322925,-0.24514029627484668
467,9.453369073048199,0.10400705588769608,0.34872531899141973,0.20021436297130638,-0.20740563447870555,-0.17273882687614317
468,0.0,0.09683709856362996,0.35027373754070157,0.19927920135081845,-0.13210756283569533,-0.08035109605399383
469,0.0,0.09016141816712575,0.3518188182497851,0.19836048531322387,-0.07121771260796225,-0.07321625758966704
470,1.417622542216869,0.08394594062074087,0.3519,0.1977691644913557,-0.02167321857779166,-0.02139192499961574
471,0.8484798321204493,0.07815894081921584,0.3519,0.1974530503652798,0.01869753537325015,-0.026934153722527433
472,0.0,0.07277088069786132,0.3519,0.19580300878196963,0.050082901100361316,0.0543135470929582
473,2.236474979303693,0.06775425846406058,0.3519,0.19502140028094525,0.07613851208004922,0.07599785263355265
474,1.575313097617347,0.06308346822233304,0.3519,0.19271647664481936,0.0956479166376351,0.07419104080197253
475,0.0,0.05873466927645579,0.3519,0.1921929550868838,-0.12032961032633545,-0.10461772567109101
476,0.0,0.054685664441533395,0.3519,0.19202249705996866,-0.2026536670707663,-0.23396874329481665
477,0.0,0.05090018826827524,0.3519,0.19138174056233678,-0.14345803901807136,-0.14775509805404052
478,1.569722479222545,0.04739127077651843,0.3519,0.1908553289110411,-0.09333249308077379,-0.09055535783631198
479,2.210131973256377,0.04412424830289128,0.3519,0.1906256679212718,-0.05066441599657002,-0.07564441485287089
480,0.0,0.04108244527724046,0.3519,0.189132827337343,-0.015809956004584597,0.0013248588395502747
481,0.0,0.038250335696865916,0.3519,0.18806485899969272,0.01393281135789938,0.035044046342345536
482,0.0,0.03559876005380339,0.3519,0.18774415335463923,0.03974074737781867,0.012012330314349638
483,0.0,0.03314468048971071,0.3519,0.1879084799027424,0.062072199474669576,0.03391542750295233
484,0.0,0.030859778349151743,0.3519,0.18745804668658506,0.08043540715116297,0.09248059682574482
485,0.0,0.02873239101081123,0.3519,0.18916131061364075,0.09811218979459746,0.09750224972677782
486,0.0,0.02675165984206879,0.3519,0.1882057927950396,0.11072374592538901,0.08649568313099937
487,0.0,0.024907474774253046,0.3519,0.1883404448908315,0.12238558780749785,0.11648105315009073
488,0.0,0.02319042269872387,0.3519,0.18873625032409388,0.13257869258593694,0.1304283589733517
489,0.0,0.021585581389722115,0.3519,0.1877246998305611,0.1398968399907777,0.13703606131562254
490,1.6939363231330666,0.020097531410242096,0.3519,0.18602690354977308,0.1452831741045172,0.1618329470803902
491,1.909552659621093,0.018712063460008914,0.3519,0.18397127758903875,0.14925415657623817,0.15693812157373155
492,0.0,0.017422105819073972,0.3519,0.18326687257847318,0.15367817021035676,0.18906744633556205
493,0.0,0.016221074272204646,0.3519,0.1835103388538908,0.15828692737575767,0.18577413721601194
494,0.0,0.015081282495100204,0.3519,0.18291055125120823,0.16140383975544015,0.17497331520130055
495,0.0,0.014041620801389619,0.3519,0.1822117112980716,0.1638702788967642,0.18541186638935364
496,0.0,0.013073630494891644,0.3519,0.18096134116263615,0.16531623538873236,0.19179262880432277
497,0.0,0.012172370749397097,0.3519,0.1806547157397583,0.16730700133555354,0.18142689807035148
498,0.0,0.011333241345521597,0.3519,0.17765020153516112,0.1662604104137544,0.14174556483427767
499,0.0,0.010551959190217897,0.3519,0.17702652963661938,0.16730571785583437,0.18449406108592076
500,3.9880504342734957,0.018000704226900317,0.35141497513497666,0.17619950897343742,0.1679016727803462,0.1693471245203431
501,0.0,0.016759785714127763,0.3519,0.1739993946798688,0.16691503651320364,0.1992912565841866
502,0.0,0.015604412674239563,0.3519,0.1753526221884824,0.16930329017025172,0.17117277390237196
503,9.099463748783135,0.06500206166698065,0.3488827691564419,0.17313278916134273,0.16796644107186195,0.17848629008637673
504,5.136304662477958,0.0781990303373092,0.3478537163403716,0.1713759196284907,0.1669629854784756,0.1735557836001407
505,0.0,0.0728082065560143,0.3493901204436496,0.16954298127779846,0.1657730180666623,0.19939752816140024
506,14.242820448555753,0.16082392420646782,0.34384912218147495,0.17001402073677094,0.1667928694024201,0.17033651576580383
507,0.0,0.149737169914583,0.34542399076643227,0.16874358231919187,0.165990950730409,0.16060015270331934
508,0.0,0.13941470564568523,0.34699369811925507,0.16900200886400013,0.16664941639125264,0.17283125238630398
509,0.0,0.1298038433700898,0.34855860004094014,0.1691462877549324,0.1671353168220498,0.15834515147046022
510,0.0,0.12083590851236076,0.3501190179951963,0.1689326285080107,0.16721343686311355,0.17045422160225082
511,0.0,0.1125058168675796,0.3516752709036301,0.16712551455041033,0.1656555690409465,
512,0.0,0.10474997858560037,0.3519,0.1659976945264544,0.1647406931227175,0.17017314443271833
513,0.0,0.09752880623584595,0.3519,0.16713849075555728,0.16606344460978614,0.20452912534639794
514,7.908333553279447,0.13142215210107752,0.3495115442994108,0.16528919311022822,0.16436964470737714,0.15625583329535964
515,0.0,0.1223622742499141,0.3510727254365358,0.16400710881164068,0.16322046588354913,0.1639599300330397
516,12.772822142254704,0.19479724228519765,0.34628371298655103,0.16337336499737573,0.162700332935687,
517,0.0,0.18136846188073413,0.34787439721749136,0.16392802478593768,0.16335212288610962,0.17680435368928504
518,0.0,0.16886542426931941,0.34945882992962607,0.16388138576752073,0.163388534838597,0.13975704217400717
519,16.41494917021109,0.2682337003744985,0.3428854721947078,0.16428724279329263,0.16386541353648215,0.15001082383729097
520,4.676624791653511,0.2636165704038272,0.3421789680840829,0.16318079600117807,0.16281970914594773,0.16202991710545228
521,0.0,0.2454435768162286,0.34380168987249105,0.1640800741484261,0.16377094468102046,0.1746939016867668
522,5.508356604531228,0.24928015781552718,0.34267215164913317,0.1645426129211936,0.16427793188381054,0.16335230767429174
523,28.267748159805837,0.44118738230365634,0.3302588712603821,0.16285279493486535,0.16262614324503807,0.1526204178167605
524,16.202292177326367,0.5200227921266385,0.3239177365677822,0.1649143306846256,0.1647202202498309,0.14738367217440343
525,0.0,0.48417386634687515,0.3256598235009557,0.1679875731234025,0.16782131122764515,0.17805636391535767
526,0.0,0.45079626586096566,0.32738522163388617,0.16786580520996866,0.16772337874580823,0.19656735060104463
527,12.929669216275615,0.5018881439298665,0.3226713310977133,0.16845908872892879,0.16833706535597892,0.17479457519870464
528,0.0,0.4672893703878341,0.32440497578290717,0.17056963184607543,0.17046507558884716,0.17422777609348997
529,0.0,0.43507574011943945,0.3261225136529669,0.16967599414489606,0.16958639331037778,0.17846385343530924
530,0.0,0.4050828279773903,0.3278250550669556,0.1681718406534834,0.1680950462616995,0.149241987929334
531,0.0,0.3771575438269955,0.3295136338388691,0.16726970501636482,0.16720387820353647,0.16097038048517334
532,0.0,0.3511573511419042,0.33118921251444006,0.16701087828972408,0.16695444537052037,0.16159591694649791
533,4.398872534550549,0.3385252810870303,0.3306590388877083,0.1666576739236973,0.1666092879923168,0.1725140970449555
534,9.027898674381515,0.36506945839260424,0.32782762427971385,0.16745552231560598,0.1674140304300862,0.16677351661809586
535,8.894628458233754,0.3886809360591933,0.3250746505186266,0.16800038295501116,0.16796479808948314,0.1436367970502844
536,3.0682260161407107,0.3624495999080493,0.32522176231051025,0.16710997047993503,0.16707944754914406,
537,0.0,0.3374633319929994,0.32689049397650677,0.16795626968275879,0.1679300850451387,0.7017782539350483
538,4.251051805470485,0.3245520654752887,0.32642724410650914,0.17002291334527117,0.17000044727780386,0.16473650499820672
539,0.0,0.30217834824010437,0.3280783332806292,0.17136410850453299,0.171344830216774,0.17932164800206887
540,0.0,0.2813470128788017,0.3297190067870686,0.1724194508942742,0.17240290571217337,0.17774613735189554
541,5.620964816992629,0.2836345859862583,0.3285503416715654,0.17243082484862485,0.1724166232527284,0.18810989557899183
542,0.0,0.26408160604856523,0.3301823824745897,0.1734155932193892,0.17340340146804908,0.143807739508959
543,0.0,0.2458765541962799,0.33180532075168784,0.17238218769267474,0.17237171980018048,0.2046319142756195
544,0.0,0.2289265080140351,0.33341978400569483,0.1730123179475073,0.1730033288205898,0.16364628219676133
545,38.172181637457705,0.5041965490744207,0.31608579146150323,0.17274660939085903,0.17273888895564088,0.19802341180164987
546,2.3086275529241926,0.4694386404984059,0.3166661970052903,0.17460890767759066,0.1746022758534967,0.1762156987443611
547,0.0,0.4370768455229232,0.3183847354280518,0.17568431370122864,0.1756786160992383,0.16788750341593026
548,0.0,0.4069459827368386,0.3200882084194202,0.17508880694702542,0.17508391118746885,0.17227485721006988
549,0.0,0.3788922578763463,0.3217776545483584,0.17561271161093892,0.1756085041712597,0.1935519630877401
550,40.1172414753276,0.6599195464323562,0.30354899358391074,0.17713036663140033,0.17712675014730783,0.1598612275647474
551,34.31395362944905,0.8735506620171198,0.2883287921001948,0.17728949420388418,0.17728638515842646,0.16978282687727914
552,6.868643810519999,0.8453437325706331,0.2868171420612201,0.17887361004753208,0.17887093679210903,0.1692273323143338
553,23.580954437499813,0.9573765338378462,0.2770053531093891,0.18015789538123997,0.18015559644068668,0.1458466285320401
554,0.0,0.8913687125092844,0.27895103746564376,0.18121762614656745,0.1812156487673658,0.20722415521164397
555,11.31041209616757,0.8986893154543834,0.27524517607528715,0.18446823700399084,0.18446653591059234,0.1960443125614423
556,0.0,0.8367361721372637,0.2771635441613558,0.18812194331563795,0.18812047964494225,0.1876941792147509
557,8.775647724854933,0.8268476860108848,0.27468914414193374,0.1910003025983564,0.19099904298671916,0.21427229711168347
558,0.0,0.7698471049291333,0.2765740676943983,0.19329799285497795,0.193296908655821,0.17416831162400165
559,0.0,0.7167759854624134,0.2784324556871295,0.1950629830313367,0.19506204964459928,0.1935930533597685
560,0.0,0.6673634414497249,0.2802661374078544,0.1969013746880207,0.19690057098539482,0.23140862771742082
561,0.0,0.6213572608690237,0.28207681603828894,0.197566489472569,0.19756579730477733,
562,6.762288064012556,0.6096060862317737,0.2805004750493985,0.19967529713247287,0.1996747009068262,0.15516569276361675
563,12.186476703873112,0.6436001007572659,0.2762290367478406,0.20189569302010518,0.20189517933827017,0.13525355329027294
564,6.9081884511798375,0.631572557729281,0.2745907288011153,0.20414870901789944,0.20414826636525596,0.18339018912337945
565,11.792357899248843,0.6607909115466426,0.27052494530726423,0.20489706780846118,0.20489668628766738,0.2261223524614492
566,45.62571032323139,0.9679677513722034,0.24969607402133462,0.20639361150461202,0.2063932826070568,0.1969443668328666
567,5.997770390691426,0.9260454482402439,0.24866021155010903,0.2090724464116796,0.2090721628214088,0.20471728152589694
568,0.0,0.8622064491708193,0.25059131477469443,0.213539798999753,0.21353955442523284,0.22570498326782545
569,45.35956168875885,1.153295868174141,0.2299881818644021,0.21609248388552166,0.21609227291526786,0.1983882268357863
570,14.056571992868372,1.1652845543919406,0.22504253814516387,0.21814453809933543,0.21814435607800528,0.22240191398756567
571,6.015487017181444,1.1099063853305413,0.2240897478292384,0.22263038456711334,0.22263022748914577,0.2384721920053535
572,8.6296602886336,1.0799782505532907,0.22181490681019825,0.22835245366295434,0.2283523180812597,0.23769258248586328
573,4.747006097304948,1.0199841165992858,0.2214513958198454,0.23276469340429695,0.2327645763518559,0.24068348563136843
574,25.127165179643704,1.1327726680472014,0.21095419956404715,0.2370862547617291,0.23708615368426564,0.22504523138521554
575,20.530163332220294,1.1997454653669415,0.20278899063062047,0.2413066411776714,0.2413065538758272,
576,0.0,1.1170383479218413,0.20484750980458138,0.24404494432032414,0.24404486889998606,0.2354922674416199
577,11.708207933707993,1.1120936943548239,0.2010494526849048,0.24646748565241547,0.24646742048203993,0.27256635949327307
578,1.5175080730163295,1.0354290463573181,0.20230841317157527,0.24952064397986948,0.24952058765381274,0.3009224424276598
579,0.0,0.9640494460877302,0.20429043789461915,0.2532642808293988,0.2532642321364026,0.23846611449051736
580,0.0,0.8975738776515219,0.2062392248334449,0.2570269719687198,0.2570269298648236,0.21353688840934876
581,0.0,0.8356976295159444,0.20815707364820288,0.2607833519750113,0.26078331556026507,0.25227451763367204
582,8.942158388106145,0.827258621867847,0.20559962376508373,0.2631537224551973,0.2631536909536389,0.2706905931002503
583,0.0,0.7702297120103967,0.20748473862108893,0.2668185218936536,0.26681849463608986,0.2878211211750971
584,0.0,0.717132216675029,0.20934330472942644,0.26891690397476503,0.26891688038396144,0.29049719065398716
585,0.0,0.66769511507276,0.21117715228696282,0.270293457606987,0.2702934371849269,0.2546144098586279
586,0.0,0.6216660698344413,0.21298798532188004,0.27295540928085515,0.2729553915977776,0.25709068477769415
587,13.013616679614152,0.6616733281285462,0.20831201364613725,0.2735949719372291,0.27359495662219513,0.29894097499640476
588,10.638515149050258,0.6792685108578601,0.20483239032704104,0.2726742691726423,0.20246255041814099,0.18061479636951386
589,3.999228489502181,0.6407102946341894,0.20465313122960704,0.2735671573643521,0.13666444298553998,0.15846907000983268
590,0.0,0.5965415079070917,0.2064514019835606,0.275424194495385,0.07869535743187989,0.07415759888781073
591,81.73329050778678,1.2069395919184707,0.16768822652562643,0.2738563966448192,0.027166241549135065,0.04249431331855804
592,0.0,1.12373653138645,0.16975009479131964,0.27932749797350676,-0.004953901300870625,0.00916939297440505
593,3.8218939207421543,1.053070472709756,0.16986568306730343,0.28421871653944464,-0.02339887102789859,-0.007865821406677036
594,0.0,0.9804747215453745,0.17185592042807613,0.28757059734766144,-0.027957948631759055,-0.011549414687886929
595,15.221656022837514,1.0140183470319155,0.16625210159017334,0.29035545442113786,0.012484054691414566,-0.007303764911812522
596,0.0,0.9441147408584138,0.16822415896060255,0.29454049657742676,0.04983200420093804,0.055782426373163836
597,19.411926183506168,1.014839621786925,0.16052561567974294,0.2981329362252484,0.08262948282960801,0.08290913105592272
598,0.0,0.9448793992147136,0.1624980553793503,0.3042241693680898,0.11444024329844295,0.12060840387139558
599,5.337446178189586,0.8990845263414916,0.16177887455342627,0.3088926236071441,0.14175869592689702,0.1664236638117094
600,5.262705368293729,0.8558281406914323,0.16107543593962514,0.31132479534524643,0.16413767386177877,0.15871550903922016
601,0.0,0.7968297276210904,0.16297385080343568,0.31422673314997157,0.1846058415008293,0.17036643304840934
602,0.0,0.7418985011496918,0.16484480005401053,0.31825005131292183,0.20409892597878684,0.1895366164550732
603,0.0,0.6907540807386802,0.1666901770943799,0.3230553656564546,0.22252774816093607,0.21631138060527808
604,0.0,0.6431354145044526,0.1685117448016321,0.32597052825154765,0.23744050412951465,0.25249271514473626
605,0.0,0.5987994467546144,0.1703111445250094,0.3284679495184409,0.2505036510862765,0.23420733857131726
606,37.856836695669344,0.8459619800675822,0.15330570716720854,0.3322022768771578,0.2635427244785676,0.2867278823805935
607,0.0,0.7876437126856422,0.15519952902355139,0.33603673160344233,0.27557143876555146,0.2813804680762016
608,3.9913832325565464,0.7415494913973155,0.15507461215297175,0.3391224863099618,0.15066386819519334,0.14614164978228714
609,2.9671428004550577,0.6904291307484889,0.15543625531811844,0.34079551351165166,0.044066771783378235,0.017433752227653546
610,0.0,0.6428328656633203,0.15725767175095012,0.3430203994564007,-0.02470183247071967,-0.019803168781017642
611,0.0,0.5985177547895937,0.15905693062834492,0.3475717781211185,-0.04211664308251502,-0.028287256640666412
612,2.3268967436855736,0.5572576044766095,0.15967211105874046,0.34817509311889366,0.007173813961382892,-0.5281415017731433
613,0.0,0.5188392605173902,0.16143153068899918,0.3499354214904813,0.051537124475245145,0.07537631590095815
614,0.0,0.48307192411690103,0.16317306665105763,0.3499914065536572,0.08887238563048373,0.12182732592834938
615,0.0,0.4497702884652526,0.16489795179529027,0.35133041338154036,0.12283234985830883,0.12960239579650734
616,0.0,0.4187486103163465,0.16660732610044843,0.35318897598371113,0.15323575872424025,0.16307137669155677
617,1.8494123166881677,0.38987572361956435,0.1673775578039141,0.3536927683205587,0.17871771411744747,0.22699161404920912
618,5.464513678398088,0.3833927514454445,0.16633699734043778,0.35498397073762483,0.20186614427276356,0.2265039578697875
619,0.0,0.35693366265523324,0.16801546417176538,0.35623481037809124,0.22224330585494845,0.20428816187628182
620,0.0,0.33232764812171933,0.16968162799582626,0.35702507072814404,0.2397702595819087,0.23943735585896023
621,0.0,0.30941790383270845,0.17133633694774258,0.35891472979325334,0.25630560340344155,0.253166982051097
622,5.205866762873726,0.306341153678931,0.17038657414314518,0.35970490311215964,0.26991174838480897,0.266894212462906
623,0.0,0.2852228460820428,0.17202918556618618,0.3593993374123528,0.2808210784141317,0.23353572205890855
624,0.0,0.2655603759082394,0.17366196575414028,0.35857950820398016,0.28981513042330287,0.3049552272345578
625,20.82053382737903,0.3947192087219698,0.16494905844481172,0.3574704841491346,0.2972940309212398,0.28455930857997835
626,0.0,0.3675083636752495,0.16663281262664936,0.3585519755942831,0.30589067006312737,0.3091636993526816
627,0.0,0.3421606725558664,0.1683038929629273,0.3586409920742533,0.3125560939156337,0.30983330704079376
628,0.0,0.31857306689526294,0.16996317949637496,0.36160994736850516,0.3212800023648683,0.3387019099052288
629,0.0,0.296586266339975,0.17161147262954496,0.3635187104253129,0.3282248937370696,0.32230871993151683
630,2.013042315367421,0.27614043356053475,0.17224302168864153,0.3632148355243343,0.3323281269096949,
631,0.0,0.2571040796595455,0.17387157372847128,0.3626728325378696,0.3356427945021055,0.34629124410329043
632,5.891889026205322,0.2632758960560661,0.17255726716339664,0.36402834598437517,0.3403733044751857,0.36847101817199
633,4.1551833769846915,0.25468125560512045,0.17210701610270684,0.3618505750342771,0.3411490273545719,0.3347528136868371
634,2.588334521017706,0.2371242377822142,0.1724314109610891,0.3610695553722392,0.3429526519030608,0.3703516124595854
635,0.0,0.22077106885948705,0.17404179649551887,0.3615901446046966,0.34573511011109465,
636,0.0,0.20548641796076514,0.17564453970449928,0.36013859085232347,0.3462629679266266,0.335608378221005
637,0.0,0.19128663281814237,0.17724018302090833,0.35903096719030547,0.3468875790703826,
638,0.0,0.17809986407188244,0.17882923295294428,0.3579639221208515,0.3473364649680759,0.3309639382570055
639,0.0,0.16582215450767548,0.18041214403019812,0.35783083242928065,0.3485300183916237,0.3688109823739181
640,1.6157664353129693,0.15436517186269325,0.18118144339847297,0.3570983348225183,0.3489585170434043,0.3389947977076374
641,0.0,0.14372366600396838,0.18275330523147496,0.3565669227327665,0.34944314207179294,0.3584475149846368
642,0.0,0.13381575597890735,0.18432021310946442,0.35616580722952806,0.3499312079906753,0.3252482418851258
643,0.0,0.12459086972991668,0.1858825085443294,0.35514091252215585,0.34968448107323147,0.33293262864814804
644,0.0,0.11600192149647802,0.18744050950507762,0.3551460409338643,0.3503706268653736,0.3716716728793669
645,0.0,0.10800507147951866,0.18899451204081738,0.35326022513048266,0.3490808096458792,0.3528431466841711
646,0.0,0.10055588654414135,0.19054478998408944,0.3506292745075873,0.34697145515006156,0.3477373154793882
647,7.340027613304897,0.12952221352559445,0.1884395372841998,0.34762698467459385,0.3444256493570437,0.33562948451635527
648,0.0,0.12057807688600855,0.18999982632264278,0.3449551809379192,0.34215334762150007,0.3510829610960566
649,0.0,0.11226558309970788,0.19155595911419263,0.3433145113410793,0.34086231266411265,0.31291692711215663
650,0.0,0.10452630586590697,0.19310822226712557,0.3432140576725651,0.3410678524184042,0.31866914753187675
651,0.0,0.0973173194198468,0.1946568809268355,0.3422134377008072,0.3403350332567169,0.33717922595012223
652,0.0,0.09060853393238685,0.1962021851938017,0.34040376677124734,0.33875973871088766,0.3220741180873164
653,1.7844800575409963,0.08436223346799436,0.1968521262817652,0.33809370439729874,0.33665480105237616,0.32264292568626496
654,0.0,0.07853976144204321,0.19839139616248624,0.3363029065980553,0.3350435280010708,0.3336134628401018
655,0.0,0.07312544860551957,0.199927958886789,0.33461360858064737,0.3335113504875083,0.3307609238485793
656,1.4059685660163364,0.0680843834457587,0.2007590167955037,0.3327412001382971,0.33177645500056296,0.3273263209878133
657,3.179897186158435,0.06487949370253296,0.20070150794927574,0.32998408468877305,0.3291396924612031,0.36244520484257947
658,0.0,0.06031597563731772,0.2022316659370944,0.328181620052764,0.32744256261076765,
659,0.0,0.056157959937441146,0.20375974491706314,0.32785609997120013,0.3272092336906305,0.3518039240612083
660,0.0,0.0522865862818611,0.20528588821020408,0.3243178192372502,0.32375164096961073,0.3231884009423074
661,1.4038803493528191,0.04868209436482381,0.2061082890827101,0.32271032278656075,0.32221476505827,0.3121210793018078
662,0.0,0.045326086101126414,0.20763095212576066,0.3192116195014974,0.318777871287006,0.2896998877379796
663,0.0,0.042105498396383896,0.20915200487495886,0.318016910215025,0.19187070782732593,0.18490795973237986
664,2.483879478541874,0.03912192824908305,0.20942962609981247,0.31588065157203454,0.09771429203805251,0.055995181701916794
665,0.0,0.0364149723557866,0.21094783358599037,0.312402362909819,0.06057839939220165,0.04890357305057713
666,0.0,0.033851431794292744,0.21246475930188752,0.3111136787714989,0.11613955256319065,0.13142433127186456
667,0.0,0.03151780818335533,0.2139805182059792,0.31153484300930584,0.16057359858839113,0.19300420347399694
668,0.0,0.02932357898394286,0.21549517999547116,0.31023335321412093,0.19334704969269764,0.2126591880263797
669,0.0,0.027302092959660303,0.21700883104195098,0.3099800532676456,0.21947502351794293,0.20224301467230651
670,0.0,0.025405034808132686,0.21852153355935505,0.3084844595757175,0.2384044479927122,0.24825681844875946
671,0.0,0.023653682326937472,0.22003336040051852,0.30490070517436324,0.2506344837435079,0.23485120324235859
672,0.0,0.022023063217554317,0.22154437193212728,0.30397418557579414,0.2619517919075513,0.27841126770931324
673,1.1691509524770978,0.020504854456933543,0.2224700488831172,0.30213544234939427,0.2695930233939996,0.2673657997302968
674,2.4193825590413107,0.019091306788098967,0.2227699032569906,0.29925484926625806,0.27405261539854747,0.29121661768768875
675,3.2672710403171927,0.01997716264613045,0.22264625631815504,0.298629111362023,0.27911040536413895,0.3305683168087998
676,0.0,0.018576249191536765,0.22415554444275082,0.29751254939155963,0.2823947442032346,0.300845230269882
677,0.0,0.017285553094376335,0.225664187219298,0.29558244914179005,0.28387248564119877,
678,0.0,0.01607121036092393,0.22717222282447846,0.2950492048872874,0.2859782046294484,0.28952705088907293
679,0.0,0.014853135266432083,0.2286796493921117,0.2927726315052973,0.28574527627963586,0.2791509218660093
680,0.0,0.013821453363078643,0.23018656011879324,0.2920171524008673,0.286572495506882,0.31324658329108207
681,0.0,0.012868640787777516,0.23169299443918712,0.28967665074110094,0.2854577781440736,0.3199449092494173
682,0.0,0.011872029825938542,0.2331989304541001,0.2888177640267842,0.28554830668377434,0.2744480147926356
683,0.0,0.011025028244790517,0.2347044429682225,0.28632383671439915,0.2837897867820304,0.28532242609395164
684,4.417428440053776,0.021986492292510765,0.23400672199434186,0.28642837982647884,0.2844640129243498,0.255773422348541
685,1.3673282674846818,0.020456254194699732,0.23483328598769687,0.2853445020970902,0.2838214783330126,0.27982056078065876
686,0.0,0.01904154157619669,0.23634280675848496,0.2854377643902584,0.2842566902834228,0.302023334853468
687,0.0,0.0176716806992142,0.23785164259883457,0.28326869705902274,0.28235259262548557,0.28062489587742073
688,0.0,0.016408135646608056,0.23935984666665788,0.2814505482731121,0.2807397890483821,0.26935538589674796
689,0.0,0.015277004384891562,0.24086748516885031,0.28095151040612043,0.28039991134272574,0.25225511329857
690,1.4547623358612296,0.014201342910527116,0.24164720467237497,0.2768664606399271,0.27643824403623796,0.2838033340345943
691,0.0,0.013222341805805395,0.24315381584327786,0.27447410639244185,0.2741415542391545,0.29009236751246303
692,0.0,0.01231083031590988,0.2446599712584358,0.2741892913211139,0.1920848004774809,0.20401481413299624
693,0.0,0.011462155894395606,0.246165702336383,0.2733337723105401,-0.03796912784050985,-0.0328628138615196
694,0.0,0.01067198672843682,0.2476710383297472,0.2729924355569961,-0.2446881153281034,-0.27016942231487673
695,0.0,0.009920931509808979,0.24917599879550212,0.27136080185291883,-0.4129972511104368,-0.3777610782948131
696,0.0,0.009237010068775975,0.2506806173005365,0.2706078121815845,-0.5271869474984784,-0.5283176747903382
697,0.0,0.008600236270788604,0.2521849174186719,0.2685607765739425,-0.5804136483384676,-0.5833095773386743
698,0.0,0.008007359888391798,0.25368892109861607,0.26588011522047855,-0.46140335319811365,-0.4467447821973991
699,0.0,0.007455354755776561,0.255192648775994,0.2628874833662822,-0.3164873285943929,-0.3597510532984908
700,0.0,0.006915522102020644,0.256696106537045,0.2610505509925229,-0.20337020587366136,-0.20465955062031166
701,0.4267333191341813,0.006419042704636403,0.25798594939883024,0.259223297317644,-0.11532275535695075,-0.11805854741654784
702,0.0,0.005973949134979145,0.25948893637339776,0.2573226847989737,-0.046524901397766244,-0.03907923875886997
703,0.0,0.005562121687424126,0.26099171743424143,0.2525102883841025,0.004623999610926244,0.03156719656641806
704,0.0,0.004975190205177208,0.262494205029344,0.24927044482950647,0.04595835667071846,0.0554023592500004
705,2.10028263447744,0.004632214421988517,0.2629463798193163,0.2475104136401285,0.07992365994157105,0.043281691925017705
706,0.0,0.004310758166686079,0.2644485351983996,0.2465774947737683,0.10779867894464087,0.10101714388450062
707,0.24938724674857818,0.0040135864813065575,0.265825848368266,0.244782115609034,0.12937052640258828,0.13348116036444543
708,0.0,0.003705312860876965,0.26732770102469644,0.24269640638672646,0.1463460513277311,0.1492893961111709
709,0.0,0.003449878891921171,0.2688294259641424,0.2391883115862092,0.1584698633721085,0.13284460533655382
710,0.0,0.0031696355222488887,0.2703310107819035,0.24002670203328652,0.17219199836722063,0.13891682756925283
711,0.0,0.002951129659993662,0.2718324863467335,0.23773718226000656,0.1805704746248629,0.19155069220919332
712,0.0,0.0027416456148288545,0.27333385716954095,0.23824274941383142,0.18994698913111369,0.1968176909920242
713,0.0,0.0025467959927321176,0.2748351305675373,0.23862225197531878,0.1977317199360189,0.19730569858036948
714,0.0,0.0023712269563322323,0.27633631618101545,0.23771233641325976,0.20302515053072578,0.16851671085871683
715,0.0,0.002207761161271797,0.27783742006159606,0.23595974627194746,0.20648542682784138,0.24196643417027866
716,0.0,0.002055564243736301,0.279338447843718,0.23492010930579701,0.20983860033154292,0.15183392542807528
717,0.0,0.0019138593586333179,0.28083940477339725,0.23259982547236827,0.21122927283420317,0.20394732717312403
718,0.0,0.0017819232144116951,0.28234029573500447,0.23170437125384005,0.21347562803130607,0.2552986566357889
719,0.7441543420683883,0.0015689913074607613,0.28346900305962397,0.23055511280612723,0.21499144079103633,0.21184292341881658
720,1.3975007624722782,0.0014608294080558654,0.28427098309309184,0.2299398404760924,0.21664064799406282,0.221282052297568
721,0.0,0.001357561557571603,0.28577166187387065,0.2297457169845504,0.21837345075336845,0.19479052196349944
722,0.0,0.0012639750374119393,0.28727229386138936,0.23033457739851063,0.22060409409905876,0.2477768946216471
723,0.0,0.0011768401118092563,0.28877288228144526,0.22879898859674455,0.220468888170119,0.1946164299552796
724,5.658994513497831,0.02309902733526682,0.287454934538364,0.22870245738531866,0.2215679780156572,0.2266563614805363
725,0.0,0.02150664459923273,0.28896568786066357,0.2268476325565886,0.22073479662998002,0.22343290955700298
726,0.0,0.020024036302668132,0.29047569987881494,0.22489325573806476,0.2196540240172596,0.1986395329078885
727,2.2677072760448644,0.018643634900856458,0.29085116805824296,0.22321966834742643,0.21872791152965274,0.2364674995618133
728,0.0,0.017358394534578346,0.29235984725551023,0.22118570460786086,0.21733384131694414,0.18901468109234962
729,0.0,0.016161755066563633,0.2938679281330435,0.2211194137907726,0.21781559485329138,0.20414590419462028
730,0.0,0.015047608597170307,0.2953754519373421,0.22099205452211165,0.21815779729532458,0.2175837532370011
731,0.0,0.014003898499705294,0.29688245388659196,0.2212103500018682,0.21877854520601098,0.21052859127141826
732,0.0,0.013038508663828606,0.29838897314092383,0.22012616776478777,0.21803939595841343,0.2273955294506864
733,0.0,0.012139670119739245,0.29989504297598374,0.21934361487090268,0.2175527213230218,0.23603381814306454
734,0.0,0.011302795006374287,0.30140069437348693,0.21770894952712025,0.21617183548384347,0.21029636019877504
735,0.0,0.010517910447898082,0.30290595332871084,0.21550694442402624,0.21418754017017297,0.20335822081273117
736,0.0,0.009792834938297969,0.30441084974618005,0.2149111512057832,0.21377854228653534,0.20343897770125977
737,0.0,0.00911774411883438,0.3059154086182394,0.21413713835707665,0.21316482115915775,0.20585294225904682
738,4.780460497411435,0.023176534671891208,0.3050367666368696,0.21198924418894954,0.2111544910214613,0.22734746891534469
739,0.0,0.02157880879551769,0.30654755604126743,0.211590609913871,0.21087392695837,0.20652222682740282
740,0.0,0.020091225699856316,0.30805760165411733,0.20886132254350312,0.20824598670288622,0.2163987773761769
741,0.0,0.018706192447769124,0.30956695475034124,0.20770323650177278,0.20717489937874883,0.20535184385808278
742,0.0,0.017416639538098317,0.31107566307011025,0.20609483345008126,0.20564118251542524,
743,2.7237796735666207,0.016215984821444807,0.3112218812257377,0.2045910715015959,0.2042015400387723,0.22147593483528785
744,1.343311014776229,0.015098099903492644,0.3120577747683013,0.20253676264566361,0.20220228133649587,0.18144145617513055
745,0.0,0.014049804480248541,0.31356479967054146,0.20252495531050718,0.20223773940015852,0.20236169533430085
746,0.0,0.01307826432361862,0.31507133880270327,0.20212308544782429,0.20187645233173634,0.23161692943325435
747,1.3090966955784462,0.012176685134852304,0.3159228787974815,0.2023373991862169,0.20212561202541238,0.18026347118374644
748,0.0,0.011337258309236238,0.31742854742663607,0.2014947527592929,0.20131288637689534,0.20020911596066995
749,0.0,0.010555699235620022,0.3189338252762539,0.1992249412792688,0.19906876713931382,0.16737314517098215
750,0.0,0.009828018672036006,0.3204387392855899,0.19788291188693183,0.1977487994222619,0.1875604739978155
751,0.0,0.00915050238376888,0.3219433145367818,0.19573265002935988,0.19561748198161957,0.16572548881137214
752,0.0,0.008519692185120142,0.32344757438287436,0.1952292046570452,0.19513030442933002,0.18789856085264972
753,0.0,0.007932368288100598,0.3249515405670184,0.1954781048196532,0.1953931741302329,0.1846272249090834
754,5.795080873171078,0.030514969749352968,0.3235692576153075,0.1948412156139892,0.1947682809852724,0.1974077132613931
755,0.0,0.02841135255741674,0.32508346329158627,0.19334879600457872,0.19328616283145097,
756,0.0,0.026452752887259425,0.3265966896680299,0.19208612200394198,0.13313164719269963,0.1387913375250448
757,0.0,0.024629173634035377,0.3281090042548469,0.19139713656195373,0.07756355509143156,0.09072704414643046
758,0.0,0.022931306865518006,0.32962046990827965,0.1890548574835778,0.028095519000083634,0.027081480210209043
759,0.0,0.02135048631245514,0.3311311451514359,0.18831375415858867,-0.008805853063669742,-0.013696325372993843
760,0.0,0.01986742588707809,0.33264107886437944,0.18762016069858206,-0.032229452480532425,-0.048909088968106376
761,1.6593245713758253,0.018497820771986587,0.3333206654890775,0.1861815433345238,-0.041418361042267204,-0.07743549746091086
762,0.0,0.017222632426432644,0.33482927680529073,0.1848720959221495,-0.007790061799455172,-0.006417654431471335
763,0.0,0.016035352020775016,0.3363372944813011,0.18415301714211638,0.0210654798898156,0.053647950272766524
764,0.0,0.014929919425995303,0.3378447594410141,0.1824416396110351,0.04438886500007173,0.053914862437486104
765,0.0,0.013900692281524277,0.3393517097871549,0.18073316027508798,0.06387218269273505,0.0531924035200098
766,17.053722779862557,0.12923769047557665,0.3323894672424614,0.180630427831842,0.08170819716984733,0.1146963200424923
767,0.0,0.12032840333671849,0.33394963144412976,0.1803194604488021,0.09658228690362063,0.08792981686438701
768,0.0,0.11203329768803194,0.3355056480929738,0.18143684576559277,0.11055374535639043,0.09817695111512394
769,22.50865872361784,0.26574518018966525,0.3258841913212597,0.17985560726855393,0.11985341423572862,0.09559952720176254
770,0.0,0.24742498119758544,0.32750790381185846,0.1779708223326757,0.1271792621356586,0.10793824343399787
771,0.0,0.23036819076203952,0.3291230879072395,0.1787552249984396,0.13576041890584256,0.1308331615144067
772,0.0,0.21448724804629107,0.33073033153126263,0.17949553869025636,0.14310064566655128,0.18308105902295396
773,0.0,0.199701093377046,0.3323301820779512,0.17848440375860194,0.14767630403314988,0.14355277976787137
774,0.0,0.18593425510956507,0.3339231492055059,0.1767000364230105,0.15062112931013616,0.12999080328213428
775,2.9041543905898317,0.17311646440450854,0.3340576302424133,0.1763011631556177,0.15422549406028083,0.14211712147165811
776,0.0,0.16118229656099425,0.33563822139069377,0.17415997530113045,0.1554730273566415,
777,12.638737018017524,0.22983187784307701,0.33093376882060654,0.17340043706415342,0.15758202486102396,0.1233469863772476
778,1.7503408727456682,0.21398790704917067,0.3316655923377583,0.1710170177696729,0.15762680698782067,0.16015937570996439
779,6.579902949064473,0.22886005517557179,0.32999007089081384,0.17053917867664511,0.15920442853061711,0.1732177982421107
780,0.0,0.2130830791349839,0.33159661243038135,0.16822866869904196,0.15863385598249471,0.16505010080259558
781,1.4177921324935483,0.19839372396731036,0.33248691322611823,0.16776128302786694,0.15963931892172195,0.17165397193703524
782,0.0,0.18471701211283661,0.33407927173217467,0.16900368421247852,0.16212847935900804,0.13633753849694213
783,0.0,0.1719831347563993,0.3356652632995528,0.16841088428326922,0.16259105516010114,0.12861921710716734
784,0.0,0.16012709550850465,0.33724532684730707,0.1688164334500513,0.1638899748484872,0.18960146675298586
785,0.0,0.14908837865007987,0.33881987103663214,0.16777008347610978,0.16359985878162336,0.18548648550646268
786,0.0,0.13881064024750928,0.34038927635675587,0.16644277255488302,0.16291269629284355,0.13210740714487587
787,0.0,0.12924142056134105,0.34195389706703655,0.16448328000475657,0.16149508638501928,0.165622719547367
788,0.0,0.12033118549129002,0.3435140626597822,0.16504112190722806,0.16251162941369002,0.163022186813173
789,0.0,0.11203588804860085,0.3450700806038065,0.16446923135434485,0.1623280272339686,0.17322575316808808
790,0.0,0.10431244535313901,0.3466222368264831,0.16555387921774575,0.16374135941229345,0.16791308365448504
791,0.0,0.09712143532821758,0.34817079754414715,0.1638072311654824,0.16227294112365795,0.15223030303189283
792,0.8883094079723591,0.09042615354553472,0.34927185591693377,0.16300205028619494,0.1617032804694932,0.1656084132323511
793,0.0,0.08419242587804834,0.35081395212987276,0.16248212587813513,0.16138272286360117,0.16452366049696535
794,0.0,0.0783884340680406,0.3519,0.16327787861633988,0.16234723870100376,0.16137468608082856
795,0.0,0.07298455332003538,0.3519,0.16446118157292167,0.16367339886496732,0.12662502625452882
796,1.6851518792890117,0.06795320108960862,0.3519,0.16315168370938277,0.16248482899154945,0.10258080854273886
797,0.0,0.06326503280692325,0.3519,0.16134874510473107,0.16078425539574495,0.14498047952727536
798,0.0,0.05890371730328015,0.3519,0.15893793718207744,0.1584600990034055,0.1257646688411574
799,0.0,0.05484305876729197,0.3519,0.1595993583241791,0.1591948702878659,0.16424611114282184
800,0.0,0.051062330743345936,0.3519,0.1588212157210158,0.1584788182624189,0.17280075261257322
801,0.0,0.04754223560006585,0.3519,0.15747473739093426,0.15718489933928034,0.16244720781386449
802,8.701887708139845,0.09144821783010511,0.34909478025484514,0.15672102524778456,0.1564756785096581,
803,0.0,0.08514403189187664,0.35063735227079107,0.15359046978467064,0.15338278475486117,0.154792401646702
804,0.0,0.07927443900845862,0.3519,0.1512887108840268,0.012423966277934862,0.03577078718894916
805,0.45212191941887936,0.0738094795426925,0.3519,0.15164134508964916,-0.1123095131239647,-0.1268856737960436
806,0.0,0.06872125919152648,0.3519,0.1514369165263015,-0.21178141613706888,-0.1933355213424821
807,0.0,0.06398380660762329,0.3519,0.15097309776580897,-0.2759742061091391,-0.26182187949065716
808,0.0,0.059572940836138344,0.3519,0.14934636919891597,-0.29955073574809604,-0.2943170502661198
809,0.0,0.05546614789003826,0.3519,0.14930427180456743,-0.2248457227002686,-0.19580711954692653
810,1.510740886981898,0.051642465833973444,0.3519,0.15044127483299968,-0.16140797459507097,-0.17576434625920503
811,0.0,0.048082377790149344,0.3519,0.14855855346479216,-0.11136383230925354,-0.09251371186070809
812,0.0,0.04476771232007541,0.3519,0.14791423405020923,-0.0687277818127849,-0.08730681352414657
813,1.8333846913380165,0.04168155067371943,0.3519,0.1468136962937374,-0.03375468879110561,-0.04909532032236885
814,0.0,0.0388081404326473,0.3519,0.14650568679304776,-0.09859366241583686,-0.11978788411641998
815,0.0,0.036132815106364666,0.3519,0.1458440148745807,-0.1640492912573627,-0.15513265930527725
816,0.0,0.03364191927146339,0.3519,0.14501685405820328,-0.22459407845268897,-0.24338927919434541
817,0.0,0.03132273887146704,0.3519,0.14345155523476522,-0.27606395746501344,-0.2750207594946875
818,0.0,0.02916343632161135,0.3519,0.142753722545045,-0.3128987784656324,-0.335633016698228
819,0.0,0.027152990087320725,0.3519,0.14145453698804464,-0.33354497623724044,-0.3122198245215479
820,0.0,0.025281138427976607,0.3519,0.14062402882115366,-0.3349535903940749,-0.29823012016911254
821,0.0,0.023538327018834092,0.3519,0.13987523672530378,-0.26073532055018306,-0.256213787703727
822,4.024183295695592,0.03039082922809479,0.35140310376676626,0.13984304531116906,-0.19762223749109076,-0.16475492917662363
823,0.0,0.0282957699386202,0.3519,0.13859399698982464,-0.14568284830844822,-0.13446957556547953
824,0.0,0.026345138212917254,0.3519,0.13760401535483008,-0.101870606618208,-0.058484406973964155
825,16.028573722819875,0.13234109012754108,0.3454518836836538,0.13800882759106012,-0.06372701903944493,-0.06173273373058645
826,0.5965188053868635,0.12321786324320899,0.346715233212582,0.1374295518386015,-0.032516927320511826,-0.06392539940256861
827,6.697223323971802,0.14531827796591656,0.3449392806895791,0.13678182621473933,-0.006386429334993525,0.023425251281584677
828,0.0,0.13530043982474813,0.3465069309094914,0.13732947377656446,0.016718531986221807,0.014191189139286648
829,0.0,0.12597320359840686,0.3480699175112906,0.1372518222419837,-0.10019960854786365,-0.12091650887682391
830,0.0,0.11728896111055351,0.3496285619918459,0.13696472500495685,-0.1996411747476155,-0.21276649193696437
831,0.0,0.10920338616018896,0.351183163684926,0.13678156419775211,-0.26328830672542874,
832,2.87614682473178,0.10167520827139737,0.35129592787669583,0.13511559456051275,-0.2806153398996128,-0.28396937597175653
833,13.29122839695929,0.17982644227080333,0.3462402268993516,0.1351376491773832,-0.21625364223309734,-0.23767891733605903
834,2.2509903807456615,0.16742970720493913,0.3466984465625812,0.1362551279040901,-0.160754940943526,-0.1310713298199619
835,0.0,0.1558875685952613,0.34827639034687885,0.13658669474705212,-0.11445904748716965,-0.10116920751622706
836,0.44802906417431576,0.1451411129376055,0.3496249463712605,0.13474518150279308,-0.07745025552813813,-0.11065837592024275
837,0.0,0.13512861561665934,0.3511925106790688,0.1347218496368099,-0.04463612803599006,-0.07482357453389667
838,5.216816508689334,0.1441574942253403,0.35015618117183683,0.13348028624835656,-0.01812237230979842,-0.029461887919198553
839,0.0,0.13421967728861195,0.3517232910104811,0.13295124003530176,0.00480838918569571,-0.033692431226211295
840,0.0,0.12496694582731196,0.3519,0.13275199943892962,0.024438303280753276,0.0222421871093203
841,0.0,0.11635207195309909,0.3519,0.13120632953801886,0.03965307535180181,0.0387841123565065
842,2.66621830750261,0.1083310835369749,0.3519,0.13217304292115634,0.054786473482917555,0.039330346804443195
843,0.0,0.10086303976628455,0.3519,0.13170836226427324,0.06629615730872983,0.055366269704517745
844,1.6074332992540545,0.09390982217419429,0.3519,0.13208685099681766,0.07679598995322107,0.08677304683648676
845,0.0,0.0874359400750158,0.3519,0.13228676168195835,0.08555100555314823,0.11398469800800903
846,0.0,0.08140834941227858,0.3519,0.1331771526894301,0.09367265580536611,0.12358612016384643
847,0.0,0.07579628409491244,0.3519,0.1338943747416165,0.10050216772183423,0.10118834433458952
848,0.0,0.07057109896064498,0.3519,0.1319271342209453,0.10370141437138528,0.12081839637556799
849,0.0,0.0657061235650658,0.3519,0.13147285250185492,0.10761418258166427,0.09284707471912385
850,4.2427389536688835,0.07146025431884018,0.35131436065032495,0.1288298008914019,0.10866245638908771,0.11690153206177302
851,0.0,0.0665293812414708,0.3519,0.12790528319804784,0.11085810590413799,0.09166466612024071
852,0.0,0.06194303063067248,0.3519,0.12813323710168786,0.11372345219528784,0.1283149195295873
853,2.2677176636516894,0.057672850282285346,0.3519,0.12854689209478473,0.11636642999545072,0.09159840601018951
854,0.0,0.053697044297278534,0.3519,0.1293218734768171,0.11902580873532921,0.09972414730551539
855,2.317469062082437,0.0499953193253142,0.3519,0.1284160782310174,0.11971285775797347,0.11954596486143522
856,0.0,0.04654878098321728,0.3519,0.12820203443966532,0.12084521810225574,0.1319850017460712
857,4.961809445946934,0.059573910706509296,0.35094888223237974,0.12775697633246552,0.12153825582652801,0.09277476491522174
858,0.0,0.05546705090024178,0.3519,0.12852162922553295,0.12326492736831547,0.11253215565958893
859,8.264419267601353,0.09520664471906844,0.34931539368855885,0.12959194269811247,0.12514842591501787,0.1278514469391603
860,2.8106258149492893,0.08864336327842917,0.3494544024627234,0.12882500178767978,0.12506886445236695,0.1296497905933813
861,0.0,0.08253253621632776,0.3509956687308316,0.13218617391953805,0.05525520981190323,0.038479225464871834
862,0.0,0.07684297258559705,0.3519,0.13172434064813626,-0.014772911284295365,-0.012835260125829449
863,3.50412500664485,0.07571729181588699,0.3516857961425855,0.13088519644676921,-0.07804292481375605,-0.08338766555955601
864,0.0,0.07049755218976039,0.3519,0.13101390862434126,-0.1300465454259656,-0.10196996226893382
865,0.0,0.06563764690412772,0.3519,0.13128636551626252,-0.1689662177619844,-0.15782825243856466
866,0.0,0.06111276997978831,0.3519,0.13133207152089185,-0.19318390593264384,-0.21966581307262517
867,0.0,0.05689260131926032,0.3519,0.13016939969027608,-0.2024448951464831,-0.24647603748661834
868,0.0,0.05297058352890326,0.3519,0.13112402630136216,-0.1597354923605007,-0.1577378563560603
869,0.0,0.0493189387429648,0.3519,0.13064475740950723,-0.12370266516677175,-0.1000609742311059
870,0.0,0.04591902819807722,0.3519,0.13164215422603567,-0.09077743466186852,-0.08730263357078054
871,0.0,0.042753498035409176,0.3519,0.13248099417177078,-0.246271712592195,-0.22863039190028928
872,5.757444194997384,0.06262418217152077,0.35055258999358707,0.13064122728796174,-0.30001721563846045,-0.3097106838457421
873,16.285075554568223,0.16824172338975327,0.34399417307799784,0.12916235221082478,-0.24730233961405315,-0.274580750861935
874,0.0,0.15664360664145896,0.3455724948813185,0.12798139037370038,-0.2011097089701412,-0.1861378343174381
875,0.0,0.14584503182246034,0.34714541739722976,0.12802184823462556,-0.1596574466288441,-0.15767860113603316
876,0.0,0.13579088073464157,0.3487133128375971,0.1278339797387269,-0.12364497131634838,-0.10997131277450128
877,0.0,0.1264298348752528,0.3502765277550347,0.1278317905761044,-0.09200239225121515,-0.11963371108903048
878,0.0,0.1177141134964735,0.351835384811783,0.12672086373995017,-0.3824043971664879,-0.37877332833962596
879,0.0,0.10956290643276846,0.3519,0.1268289783469862,-0.4894013134640421,-0.5019113332632554
880,0.0,0.10200994421574516,0.3519,0.1278912847727,-0.3572102359359963,-0.3410784590729691
881,0.0,0.09497766221896399,0.3519,0.12618811696529544,-0.25743436583998275,-0.2690481123247343
882,0.0,0.08837974406363015,0.3519,0.12561328071686959,-0.17922233901571302,-0.19137023705524317
883,0.0,0.0822870901774136,0.3519,0.1254673702356306,-0.117983254420292,-0.12969766196055885
884,0.0,0.07661444691433829,0.3519,0.12492681937926625,-0.07051354369150936,-0.0452392029221495
885,0.0,0.0713328599095501,0.3519,0.12430577436763186,-0.03342953952223879,-0.03285225560665455
886,0.0,0.06641537083162335,0.3519,0.12563921723796773,-0.0023532181811910715,-0.017553161321519874
887,0.0,0.06183687978156473,0.3519,0.12646682230484807,0.022046558932242714,0.001594875421187452
888,3.7463787664240473,0.06375033956363774,0.3515586857865698,0.12684360601184624,0.04119710250388935,0.020314653670670316
889,0.0,0.05935556836119589,0.3519,0.12561352468497367,0.05499577996769693,0.08424833093282465
890,0.0,0.055238848163695405,0.3519,0.1273797354733683,0.06885627813329136,0.03256078786334644
891,11.140316177463866,0.11879236735456847,0.3478892380949453,0.12724571259928563,0.07850735436440426,0.06150020372310393
892,3.277639137249357,0.11289137716092744,0.34780686421490115,0.12635797415317804,0.08557930284372516,0.09833710967614433
893,8.669337858494924,0.152023019555935,0.34504820679543163,0.1256983876483545,0.0914294827380006,0.11499939697620777
894,0.0,0.14154297516674785,0.346618978283015,0.1250061519615962,0.09608955935453437,0.09312401120664536
895,0.0,0.13178539590632976,0.3481848709809682,0.1268960110636486,0.10240294400409135,0.1181132650795646
896,33.01733364566283,0.3710954449855954,0.33336175188062955,0.12683121058058386,0.10601240324889048,0.12120474907226826
897,0.0,0.3455131565437896,0.3350345084589015,0.12735956563973064,0.10960731007221618,0.12933105160969968
898,0.0,0.32169443995597197,0.3366953556788794,0.12558743197695144,0.11040616439224071,0.11133446500773936
899,0.0,0.2995177194807361,0.3383451145386198,0.12663875169054054,0.11362218674528056,0.1467215489660868
900,0.0,0.27886980047034393,0.339984549438855,0.12581930519741233,0.11463259569086358,0.11895510314285955
901,0.0,0.25964529160142463,0.34161437208465567,0.124867494607321,0.11523325714029538,0.14619725885374457
902,0.0,0.2417460669354839,0.3432352451181234,0.12560276860286987,0.11729009094653423,0.09563432259934818
903,2.866363140022216,0.22508076506346641,0.34341460393064405,0.12480266221946303,0.1176184170245827,0.1368306781309145
904,0.0,0.20956432277789913,0.345019386092033,0.12565690375798844,0.11943885187568863,0.09473811347113342
905,0.0,0.19511754089238184,0.3466169448624792,0.12674491101610647,0.12135619830552381,0.09184453085718239
906,0.0,0.18166667999227434,0.34820777820247534,0.12487171133942081,0.12019645462693888,0.13070643615366084
907,14.772421961121802,0.2665604766247626,0.3424548474602268,0.12461996193784616,0.12055968973958277,0.10456480010744862
908,18.916202007295368,0.379891922270212,0.3346866924177142,0.12318842553886901,0.11965919253671721,0.12919906723767138
909,12.732359965379219,0.43423900457169284,0.33003763193731045,0.12363261673422123,0.1205626517966881,0.09977750970162816
910,0.0,0.40430377465242817,0.33173978382463665,0.12522937736015777,0.12255715614333829,
911,0.0,0.3764321962727186,0.33342799992277306,0.12444514078790478,0.1221177979269978,0.12302605807437467
912,0.0,0.35048200703176763,0.3351032409262889,0.12674105085461126,0.12471306519606962,0.10282759019735266
913,5.819454737597181,0.3496518835567647,0.3338683394992687,0.126828597082679,0.12506069762592018,0.12937387966808228
914,3.938008650879659,0.3333099240934144,0.33356599013587557,0.12604416105254165,0.12450241226560527,0.14298401100079483
915,0.0,0.31031772731506246,0.33522114899953315,0.1262738552329763,0.12492888893612619,0.1103911675920939
916,2.1036927485474624,0.28892528578539706,0.3358137652681521,0.12734497115429996,0.1261713388051837,0.13740633234573438
917,5.342592451075759,0.2883926518044938,0.3347866653685164,0.12617568656567082,0.12515131096748947,0.167018265205251
918,0.0,0.26851166403530635,0.33642092120053413,0.12639196432985286,0.1254976738539712,0.14380738933811504
919,7.453199026420138,0.2868516655265712,0.3343377475200873,0.1251683340034488,0.12438746562476623,0.12517242482850138
920,35.19830223480989,0.5335195034044622,0.3185053561543846,0.1265880082306429,0.12590606821257588,0.11551555619179503
921,87.10867899733762,1.1927437633249391,0.27704738853737826,0.12776801339459407,0.12717238647977286,0.13975514722403448
922,18.423661903942108,1.2381509132070758,0.2699546330420107,0.1309916861134003,0.13047138569053962,0.10118327180073793
923,0.0,1.1527962309436544,0.2720310311574826,0.13594072893288187,0.1354861819477012,0.07575662150166979
924,20.860984131757327,1.22112621849756,0.2637111022008527,0.1381921520029917,0.1377950134293434,0.1255270731587119
925,15.773522768710905,1.2426467242125414,0.25794566417860354,0.14172004980110783,0.14137304234003906,0.1208037179213616
926,0.0,1.156982113235427,0.26002415523522127,0.14765644286973123,0.14735321823972056,0.1833500124514665
927,0.0,1.0772229824168111,0.26206276672642964,0.15122461209832536,0.15095963085102493,0.1548773617491023
928,6.991413291324033,1.0359913730703254,0.2605850557673028,0.15591660331388013,0.15568503058107813,0.13711696865414463
929,0.0,0.9645730075602442,0.2625673422710829,0.1592883924176336,0.15908600738620718,0.13698185213495617
930,11.376205068796235,0.967391550097261,0.25886293551173345,0.161445946894059,0.16126906413167666,0.17243189316010088
931,0.0,0.9007022656957392,0.26081328664458125,0.16410957598570286,0.16395497701304038,0.1485307565756968
932,7.75551225945306,0.8779624618441643,0.2588745117457768,0.16679939919145556,0.16666427292631242,0.1562182529230663
933,14.87360724935547,0.9156928761964178,0.25339555455919727,0.16892684813311917,0.16880873902573595,0.1682013441806217
934,0.0,0.8525675546666085,0.2553218383365306,0.1708512017469062,0.1707479645901581,0.1737552236122447
935,14.054479066887415,0.8852676487057056,0.25023723262743974,0.17253374180923553,0.17244350234718483,0.175654412935535
936,7.023725540685884,0.8575362919988784,0.24865413800309624,0.17370431871392564,0.17362543929150817,
937,6.748106355372791,0.8294358951128824,0.2471948027729663,0.17637361151525593,0.17630466111394436,0.20366129219705512
938,0.0,0.7722232164034485,0.24908091438116803,0.1792192180479565,0.1791589461398054,0.21453252501151263
939,0.0,0.7189882944165757,0.2509404085283763,0.18215071245538178,0.18209802618314255,0.15039973844457816
940,0.0,0.6694136841208154,0.25277511537043673,0.182277548083379,0.1822314923392349,0.23515715538002435
941,0.0,0.6232661655094371,0.25458674845319146,0.18479828591669267,0.18475802594814997,0.18874063454460158
942,4.1886091801502126,0.5901357301849045,0.2542875117282088,0.18628333691106647,0.1862481431309356,0.2125453487773385
943,12.281504586490078,0.6262583375131487,0.24995988860372031,0.18622204635975134,0.1861912810790561,0.17282694636770193
944,0.0,0.5830858285378123,0.25175143151798923,0.18787220657649176,0.18784531241546437,0.19579156212790425
945,5.872808404695524,0.5666621484962753,0.25059835838988964,0.19004155758605076,0.19001804734989186,0.19576817570476296
946,0.0,0.5275714363954328,0.2523621441080873,0.1918530070040234,0.19183245483748312,0.1955550699312118
947,0.0,0.49120212806277586,0.2541077451721187,0.19368760238965327,0.1936696360482918,0.21218392070455536
948,0.0,0.4573400187506594,0.255836415181494,0.19557554547272374,0.19555983956941642,0.20967454711528744
949,3.1667058949624822,0.4271917689170629,0.2559666581184713,0.197259251747672,0.19724552185094982,0.17861721885624676
950,0.0,0.3977423558345991,0.25766552929638864,0.19788444065241734,0.19787243812893532,0.1970039938687557
951,5.283929689377428,0.38921700858675157,0.2567181729559933,0.19633442604838186,0.19632393355549144,0.21239318865163395
952,0.0,0.3623854699228654,0.25839936569095473,0.19608764800252204,0.196078475548851,0.21131679328074704
953,20.199639952536092,0.4797315213966974,0.250039411475385,0.19684422989273767,0.10963252113894806,0.10441313625003505
954,4.603708575376566,0.45993093413489516,0.24946752265476418,0.19728775954433564,-0.08888721263774067,-0.0929994190248288
955,0.0,0.4282245740075033,0.25118163494176793,0.19880935350005374,-0.26682713529990504,-0.26840135461212605
956,0.638778178011035,0.39870396221299714,0.2525615978338689,0.20029696513808987,-0.4130692116198175,-0.4336509994903921
957,15.713532701030816,0.4764235513139441,0.24644304325901048,0.2009014764044372,-0.518394959056341,-0.5426395589067318
958,0.0,0.4435802360028229,0.2481648333770119,0.203689355557048,-0.5725188791495058,-0.5396264350231643
959,0.0,0.4130010475545547,0.24987133390078917,0.2034628177970196,-0.5461236187432642,-0.5525201972290872
960,0.0,0.3845299033568171,0.2515635988524676,0.205009416896394,-0.44020631257507903,-0.436792641646327
961,0.0,0.3580214806987173,0.2532426095928169,0.20502034320700008,-0.35045547968460106,-0.36390983532737703
962,0.0,0.3333404750130978,0.25490927983032347,0.20460852415564693,-0.2736941072920049,-0.24623853837430226
963,0.0,0.31035769726711593,0.25656445867895705,0.20546197958211349,-0.20646302486799784,-0.16991034152186657
964,10.690598161608536,0.3526025926216877,0.2528954608944636,0.20500872345362517,-0.1498142006191022,-0.1527059034899117
965,0.0,0.32829515001719367,0.25455960846947223,0.20621723106135176,-0.09947446749964158,-0.08767957022780426
966,9.61348615323686,0.36039033039684676,0.2514330605580522,0.20528951045420607,-0.05812177633336732,-0.0717148889710845
967,0.0,0.3355460227977394,0.25310083356945107,0.20571199187660322,-0.021308023541404875,0.015498929758339282
968,0.0,0.31241441270469267,0.2547570407758034,0.20514624248366012,0.009454185743192246,0.029477024991505014
969,0.0,0.29087743151243084,0.2564024794915596,0.20509235618881716,0.03637422967894916,0.021081856185747566
970,0.0,0.27082007943916586,0.2580378895312792,0.20480993945716452,0.059321000242628784,0.08578446899922887
971,16.90739620884837,0.36723490939903664,0.25126780888155453,0.20368745647570713,0.0782064315568622,0.08691152699884315
972,0.0,0.3419051491172398,0.25293876145611316,0.20476682674509122,0.09652225783227845,0.10629637723874212
973,0.0,0.3183351585322157,0.25459792903537926,0.20383048000752296,0.11043749579283924,0.11908243152756111
974,0.0,0.2963900175805256,0.2562461240441695,0.20306258269077196,0.12246861396549776,0.11058316477191563
975,4.600350320358298,0.28920069422501904,0.2555905492311029,0.20407668241231902,0.1345148478636345,0.12523418575717826
976,0.0,0.26926269929463276,0.25722518058075017,0.20514253930341536,0.1450916117544743,0.15901578970217206
977,0.0,0.2507004772758692,0.25885053081938814,0.2058130694729209,0.15396308811821388,0.1544331589606935
978,0.0,0.233417883245596,0.26046723976101094,0.2060745591579831,0.16129728676400093,0.14378106793364834
979,0.0,0.21732670320727365,0.2620759031126146,0.2082006095343981,0.16952414785011857,0.2115911299606128
980,0.0,0.20234480439207536,0.2636770755148106,0.20676145206844626,0.17334842658022523,0.170586124590925
981,0.0,0.18839571603595245,0.26527127337282863,0.2057340528973615,0.17686286192826095,0.16709469414735087
982,0.0,0.17540823905676362,0.266858977492357,0.20440430539631083,0.17945300040932607,0.16690936612186996
983,21.54000065068563,0.3167355342719338,0.25774734493415014,0.2049210495711405,0.03560639637054501,0.050815165415563454
984,13.635788333750119,0.3829123582635805,0.2526209069464069,0.2053963147822459,-0.08625081477838116,-0.06535750152433376
985,0.0,0.35650831777023745,0.254299161105292,0.20697907792317558,-0.1658372594160417,-0.1595293583474617
986,9.560957445730438,0.38618954641169567,0.2512117771556326,0.20830186973344003,-0.19172425617560712,-0.17295575417968562
987,3.4857867140461325,0.3635866224271222,0.2511506771098231,0.2085560421201121,-0.12561572226942694,-0.15421863893952714
988,0.0,0.3385219713401934,0.2528199380954932,0.20812554846694142,-0.07104770787055872,-0.07711041199009983
989,0.0,0.31518520762688595,0.2544775306993067,0.20741545523137406,-0.025823725984712623,-0.03387117422002051
990,0.0,0.29345721553467796,0.256124259307074,0.2098126097696386,0.014938631963467843,0.016392165567542902
991,17.661384971084498,0.39455079974639856,0.24899084222140494,0.21086113117738073,0.048032080313987285,0.05913850245849363
992,0.0,0.36735156434632704,0.2506745180035781,0.21196895717389336,0.07590699530718077,0.03643806137265032
993,1.21576307121272,0.3420273686289125,0.2517376501522862,0.21202023430738443,0.09831786760938328,0.1621432927999385
994,0.0,0.3184489525704878,0.2533968746285714,0.21210540089535893,0.11708181655941789,0.10102869952308396
995,0.0,0.29649596697411285,0.2550451226120585,0.2119425018825367,0.1325236366069429,0.14069539409037995
996,3.4150693104027954,0.27949107890992486,0.2549773334963121,0.21170652811662083,0.14532494565798934,0.16313826907868897
997,0.0,0.26022374083235095,0.25660744536672825,0.20932563698818618,0.15383694091231837,0.1721017860810874
998,6.278263167103583,0.26941243450879376,0.25510302000043084,0.20921690210111202,0.16282995119741123,0.1688605407527954
999,0.0,0.2508398901605855,0.25672843994551114,0.20882977661343882,0.17004842223244276,0.11302764657549744
1000,3.8687238324519115,0.2407364194452101,0.2564144462390078,0.20903764717221582,0.17661208881079504,0.15602372440332077
1001,0.0,0.22413879077208596,0.2580265156343938,0.20912615519413036,0.1820123253536758,0.19831321876362043
1002,0.0,0.20868728557575675,0.25963085927718177,0.20978790813842033,-0.016240510436370863,-0.03358555902680523
1003,0.0,0.1943009641970513,0.2612280097592803,0.2095151039142297,-0.16166808661220125,-0.1817361271379334
1004,0.0,0.18088535634141664,0.26281845243745094,0.20999375854292376,-0.21257613368236503,-0.2586752401043704
1005,0.0,0.16841490509613208,0.264402659889999,0.20705659884596653,-0.1482597443716807,-0.12292836708118625
1006,0.0,0.15679019669653385,0.2659810549883473,0.20554260249954764,-0.09322536832020198,-0.08209481765659919
1007,0.0,0.1459815163666153,0.26755404574653063,0.20681581109756936,-0.04440473468054908,-0.061384225622341526
1008,1.9359790242441959,0.13591795641370913,0.2681540152126154,0.2050938282030306,-0.0061473500817342186,-0.007966091858098967
1009,0.0,0.12647056742905435,0.2697172504963299,0.20428191955960182,0.026656807681196132,0.025436215561253372
1010,3.8084812149762706,0.12444226137859807,0.26937523101953104,0.20442201404811017,0.05506261617294704,0.03347926444516618
1011,1.2444978169459053,0.11586355779181207,0.270310913889954,0.20296515061183723,0.07737279610919243,0.07259090905270227
1012,0.0,0.10787624618404223,0.271864852013046,0.20308733005971596,0.09747944060505119,0.10322438794415462
1013,1.6945633132334916,0.10043955763614984,0.27256779013524735,0.2010264379672578,0.11222252664397732,
1014,3.827268978594203,0.10036122674514587,0.2722043362593228,0.19846229345566072,0.12378811472590526,0.1497014047870489
1015,0.0,0.0934426027478412,0.27375105756069673,0.19649522780603831,0.13370218811580206,0.1348431520594072
1016,7.448418237859495,0.12381181741474784,0.27158875435047436,0.19418622577541583,0.14138362482959316,0.13266859974382283
1017,1.5815446253440357,0.11527657488238206,0.2723556203252435,0.19363931503639448,0.14923737474438165,0.15779627168602328
1018,0.0,0.10732972824474957,0.27390928518936586,0.19276243668670368,0.15542440011503364,0.1433152304069987
1019,0.0,0.09993071512443391,0.2754592505469281,0.19250474616152127,-0.0375083498784541,-0.0620763871936966
1020,0.0,0.09301134236813824,0.27700575621811213,0.1908551065383153,-0.17955946138880502,-0.1562431131214836
1021,0.0,0.0865582619108135,0.2785490353490675,0.19276536241885936,-0.22666787590791376,-0.23386112645802168
1022,3.639124665866597,0.08585481088713885,0.2782724004215778,0.1920026617239523,-0.16110219598469863,-0.15826442429135107
1023,0.0,0.0799362188755427,0.27981236853101554,0.1912912589681604,-0.10597440249192436,-0.09257231252416259
1024,0.0,0.07442563814529198,0.28134958135008825,0.1910621407415708,-0.05919472734958728,-0.08094476950028916
1025,0.0,0.06929494153280127,0.2828842288208546,0.19011376111373177,-0.02056826097224764,-0.007346849108182738
1026,0.7376992628470853,0.06451065371266827,0.28404763451628745,0.18876263018387068,0.01139712191195096,0.02079727811590664
1027,7.006733116577067,0.09321696522269818,0.28209087644061026,0.18811772767255658,0.03880010066365081,0.037226196733226295
1028,0.0,0.0867908467558186,0.28363427186398815,0.188412366738719,0.0627071741218672,0.0709837455399461
1029,0.0,0.08080772703333831,0.2851746757275048,0.1884280595837552,0.08260127803131943,0.06784977141087671
1030,0.0,0.07523101228248133,0.28671229123364605,0.18869736185210254,0.09960546686402887,0.05587291034585965
1031,0.0,0.07004479541567454,0.2882473136313539,0.18743848634727253,0.1124350696068659,0.1071466471144925
1032,0.0,0.06520459217335009,0.28977991592744057,0.1859559946260234,0.12281314922796478,0.1049608312907863
1033,0.0,0.060626349019927805,0.29131022910195054,0.1872423959128325,0.13408453399524858,
1034,0.0,0.05622954952410093,0.2928383438767126,0.18626241026892162,0.14151054692782133,0.14716735284185603
1035,0.0,0.05231337664342094,0.29436450056503427,0.18598880762916892,0.1483136559286331,0.138081421918095
1036,0.0,0.048707037873327,0.2958888540839709,0.1859625017528351,0.1542449854057208,0.15555688731697115
1037,0.0,0.04530314652591746,0.2974115056572339,0.18660580421054385,0.1599038148689167,0.18732552230043006
1038,0.0,0.04214705905249454,0.29893257918676014,0.1844618717506567,0.16198228335958037,0.1850436112432163
1039,0.0,0.039241557957765155,0.300452199965739,0.18318848501830992,0.16426359386247613,0.1720016384011389
1040,0.5702422650814831,0.036536354032073344,0.3016853470102143,0.18195785761113184,0.16602554816096435,0.17499607582257187
1041,6.038506011115478,0.059151115449706276,0.3001956695623814,0.180856095121804,0.16744314247016476,
1042,1.9469084127183927,0.05507340197319708,0.3007497520570088,0.1777246213987658,0.16643263425954613,0.16417536939524285
1043,0.0,0.05125514556679792,0.30227537962979223,0.1769115225539046,0.16740510923787155,0.17953849688632514
1044,0.0,0.0477217583055572,0.303799240508945,0.17329135608148846,0.1652881619032452,0.1632444689166459
1045,0.0,0.04441966183057388,0.3053214503398603,0.17286907590374828,0.16613139606846783,0.17245409069660658
1046,0.0,0.04132680526029099,0.3068421137424905,0.17267706314329925,0.16700478196464102,0.14502630691396157
1047,0.0,0.03847785018193336,0.3083613526675814,0.1725357844349356,0.1677604311366851,0.13471396779330738
1048,2.221931495268185,0.03579672271113104,0.3087682852813029,0.17058280553718175,0.16656255006120826,
1049,0.0,0.03331859641987737,0.31028494457951283,0.17079087326413184,0.16740631343165246,0.1589809975097095
1050,0.0,0.031012017632771924,0.3118004505883292,0.1691703922702361,0.16632100715169273,0.19320681999683015
1051,0.0,0.028874135341398786,0.3133148876559999,0.16718717426226234,0.1647883384017375,0.18878025455460654
1052,0.0,0.026883632712512918,0.31482832947235617,0.165453566338644,0.16343403613960553,0.14380544289295386
1053,0.0,0.025030349801854274,0.3163408446472571,0.16385465164831273,0.16215444925353448,0.1313383100669015
1054,0.0,0.023304827063478476,0.31785249706078883,0.16327801245056098,0.1618466442570037,0.17802460016205213
1055,0.0,0.02169518498376353,0.31936334465328076,0.1633509527210556,0.16214590961108924,0.1717256251884342
1056,0.0,0.020175590235486304,0.3208734324483985,0.1604920745202354,0.1594775692591517,0.13241221401496203
1057,0.0,0.018784741126821217,0.32238282481896186,0.1592032142079026,0.15834911850281155,0.17982037526360986
1058,2.0922139350535396,0.017482348221237905,0.32284545902554573,0.15935943821835907,0.1586403878645756,0.16244531652616645
1059,0.0,0.016277163730619437,0.32435359760741106,0.1588129867958599,0.1582076283299609,0.18499666566788373
1060,1.0706705875531828,0.015155061308728037,0.3253258398442888,0.158570878543333,0.15806123502552866,0.16522068770727646
1061,0.0,0.014110313508689212,0.3268328950010432,0.15631993743427255,0.15589087452145806,0.174009657929698
1062,0.0,0.01313715684939141,0.32833946357946786,0.15653024802846702,0.1561690244784315,0.16290591413310668
1063,0.0,0.012231517773602112,0.3298455793383547,0.15421866351201757,0.1539145527672762,0.13516161889264933
1064,0.0,0.01138240788747807,0.3313512705422984,0.1536747242163252,0.15341869582741968,0.14906088731420433
1065,0.0,0.010597736327440323,0.33285656941046216,0.1543019594701891,0.15408641089578717,0.14082603393597515
1066,0.0,0.009822703607967744,0.33436148076226613,0.15544163881036618,0.15526016962788572,0.17216521591560247
1067,0.0,0.009141408775950809,0.3358660514666541,0.1552053446639886,0.15505256648422955,0.13541727545408141
1068,0.0,0.008511225465347508,0.33737030707938676,0.15533750456676385,0.15520888100657274,0.12482022478620214
1069,0.0,0.007924485240454115,0.338874269322007,0.15397971355013323,0.15387142550995234,0.16780763716655817
1070,0.8683356986558506,0.007345333824925989,0.33994377413959154,0.15275175558589632,0.15266058783069128,
1071,0.0,0.006838966928889576,0.341447193623056,0.1531790276756044,0.15310227335043872,0.1823004560669177
1072,0.0,0.0063675075591158115,0.34295037737683554,0.15243476827433,0.15237014851856706,0.17450613839726212
1073,3.4250904147316388,0.009446194165532287,0.3427425552665525,0.1515638474571872,0.15150944372977138,0.12161954242080185
1074,0.0,0.008794999797384413,0.3442469527664512,0.1494230307305003,0.14937722783631815,0.13570199274474914
1075,0.0,0.00818869695884905,0.3457510471149306,0.1488520550736959,0.14881349319886616,0.13810339068010435
1076,0.0,0.007624190952659872,0.34725485921040694,0.1487773420005198,0.14874487633204428,0.14854442006348462
1077,0.0,0.007078723280708034,0.34875839857204727,0.14726124142151362,0.14723390815199017,0.10439448034740198
1078,0.0,0.006590735774491604,0.35026169393993456,0.14603815231759318,0.1460151400253389,0.14606447655025764
1079,0.0,0.006119295536413731,0.35176475358770276,0.1469072347565493,0.14688786031113926,0.15266387912562296
1080,0.0,0.005697448311963788,0.3519,0.1463683607202116,0.14635204899784726,0.12757132856177922
1081,4.674608451095266,0.01916215246437778,0.35107227685068454,0.14536411580331302,0.1453503826095905,0.14794301942770027
1082,0.0,0.017841166938595863,0.3519,0.14355489422260573,0.14354333191551613,0.16760418896767196
1083,0.0,0.016611246483012574,0.3519,0.14226824025683737,0.0589701542060892,0.060120973625481466
1084,0.0,0.015430168231217956,0.3519,0.14135410725601213,-0.019554827963105842,0.001812970470778174
1085,0.0,0.014366455324658493,0.3519,0.1420603127330123,-0.0854945954225147,-0.06498587974779631
1086,0.0,0.013376071829070196,0.3519,0.1407803418628236,-0.1379137233350898,-0.129480756533744
1087,0.0,0.012453962618694768,0.3519,0.14190878692361567,-0.16893246367449463,-0.1610338056593785
1088,0.0,0.01159128478435451,0.3519,0.1403059458018242,-0.18149965115692385,-0.18870913785080942
1089,0.0,0.010792213831662055,0.3519,0.1392797684120196,-0.25988403386219616,-0.23483509879726638
1090,0.0,0.010048228609267474,0.3519,0.1394575816288726,-0.3337558145531164,-0.3429506764217834
1091,0.0,0.009355531660046061,0.3519,0.13854865300558994,-0.39750909080660435,-0.41123007709017534
1092,0.0,0.008710587313011477,0.3519,0.13705223346587964,-0.4438516051055027,-0.42950514049338195
1093,0.0,0.008110103636507061,0.3519,0.13625988190586086,-0.46622479266434547,-0.48051988693403297
1094,0.39287597923860723,0.007551015635493967,0.3519,0.1360503416042433,-0.4613321214104395,-0.4525848553398044
1095,0.6088845989921065,0.007030469607171551,0.3519,0.1336758135263162,-0.3742214505810584,-0.35284894291417773
1096,0.0,0.0064978900395872554,0.3519,0.13277887671369515,-0.2992243523172289,-0.2973772321119062
1097,0.0,0.006022454275368127,0.3519,0.1320241108663445,-0.23558820553201007,-0.23323788096457856
1098,0.0,0.005607283018264625,0.3519,0.1309773566591498,-0.18198290931917416,-0.1633684847503333
1099,0.0,0.005203775045331999,0.3519,0.131073760250327,-0.1354822598466754,-0.12015652945819649
1100,3.449105564181807,0.008560157158160797,0.35167972729648816,0.12986462693243056,-0.09727446485966608,
1101,0.0,0.00797004371838048,0.3519,0.12887512972430712,-0.06476849583414612,-0.09072157272144658
1102,0.7397110329618183,0.007420611058797915,0.3519,0.12829104526696505,-0.03687704986940318,-0.009978364834694223
1103,1.1679937985996458,0.0069090547595068,0.3519,0.12839952640706503,-0.012550223463576426,-0.004467739875058654
1104,0.0,0.006394869874528792,0.3519,0.12755599973157783,0.007212938004153631,-0.03413114721918054
1105,0.0,0.005954025321224293,0.3519,0.12845298941039893,0.02565144609584688,-0.0010319660771912868
1106,2.5887024223872857,0.005543571366007226,0.3519,0.1269199258147049,0.03905751905963493,0.03985940626242553
1107,0.0,0.0051614129655223155,0.3519,0.12758759379561255,0.05245397680154986,0.033161611100495744
1108,1.1419829162334443,0.00480559950287959,0.3519,0.1261065015473781,0.06182353796528087,0.07152798922685193
1109,5.9695048152059265,0.029046045946061628,0.35042977061537006,0.12532655870856865,0.0702977244265851,0.0722013547453837
1110,0.0,0.027043692277950896,0.3519,0.12514685902491193,0.07801443526371146,0.08817200740135253
1111,0.0,0.025170902297980243,0.3519,0.1266528150948207,0.08626166244449252,0.06324879227684427
1112,0.0,0.02343569026121586,0.3519,0.1269869057317797,0.09235379811050233,0.1051404844023365
1113,0.0,0.021817853612938906,0.3519,0.12601270593884722,0.0963003630169951,0.1358669390247188
1114,0.0,0.02031379143203835,0.3519,0.12674376167709747,0.10123885279553264,0.08572156918260859
1115,1.8051679645131695,0.018913415117041386,0.3519,0.12595406399800993,0.10404856997490008,0.1307250326066107
1116,0.2593496280509902,0.01760957685256864,0.3519,0.124586594383576,0.10576200918200657,0.1258043592221421
1117,0.0,0.016395621573764174,0.3519,0.12446238752672575,0.10827632234998033,0.12157612532767549
1118,0.0,0.015265352997444116,0.3519,0.12398113814378574,0.11005595849705102,0.1091643762171911
1119,0.0,0.014213001994963455,0.3519,0.12435827862424435,0.11237146221790864,0.08956004290839868
1120,0.0,0.013233197145369495,0.3519,0.12322713818779128,0.1129030899315939,0.09577968432729453
1121,0.0,0.01232093731853906,0.3519,0.12303011098782206,0.11413321214569906,0.12985575395275675
1122,0.0,0.011471566148358007,0.3519,0.12308452237531857,0.11541322540427791,0.1354453641005147
1123,0.0,0.010678658662928516,0.3519,0.1227797442606123,0.11616155394256829,0.14107468264081413
1124,0.0,0.00994250161821667,0.3519,0.12216720772663514,0.11645441376149322,
1125,0.0,0.009257093193868554,0.3519,0.1208870070837837,0.11595305405422456,0.1344831604663464
1126,0.0,0.008618934921062449,0.3519,0.12121262987323501,0.11694902801399712,0.10872380706021334
1127,0.0,0.008022631344067893,0.3519,0.12076828379286858,0.11708197880326358,0.09339380555168032
1128,3.6555518017470856,0.012894298057392084,0.3515786712481551,0.12068354438944824,0.11749467704162134,
1129,0.0,0.011993903597919152,0.3519,0.11976602385411049,0.11700602072877915,0.12748731968253452
1130,0.0,0.011167077223380683,0.3519,0.11921428869809679,0.11682423432564769,0.11901828811142762
1131,0.0,0.010397249960770301,0.3519,0.11761272292935052,0.11554197118143916,0.08561379621422549
1132,0.0,0.009680492449752338,0.3519,0.11713973064553372,0.11534471962508591,0.10541983025340654
1133,0.0,0.009013146209170217,0.3519,0.117346751530083,0.11578999162665804,0.0867292082381833
1134,0.0,0.008391804963388797,0.3519,0.1168786238638809,0.11552783322925898,0.11892754291386064
1135,3.4748983398038176,0.011741453372453197,0.3516684215567843,0.11717747068484215,0.11600483626915704,0.09548779594355822
1136,0.0,0.010932030214721446,0.3519,0.11693788166599683,0.11591942724637341,0.11306989862442476
1137,0.9273169750026204,0.010178406439526916,0.3519,0.11774811461719661,0.11686316004036432,0.12380842770308943
1138,0.0,0.009476735392543255,0.3519,0.11699824855642935,0.11622894678158643,0.11947104282540495
1139,0.0,0.008823435597100816,0.3519,0.1148015572814465,0.11413249781512383,0.14200468614574543
1140,0.3937182685278501,0.008204816660398686,0.3519,0.11468511142573637,0.1141029804417774,0.09250849755539463
1141,1.4116942714202274,0.007639199406792679,0.3519,0.11396981214276593,0.11346310102446272,0.07030186769079808
1142,0.0,0.007112574234401713,0.3519,0.1124473781379814,0.11200613340531282,0.13142400813549995
1143,0.0,0.006622253137533271,0.3519,0.11255661852403893,0.11217222715018237,0.1407427108715974
1144,0.0,0.006165733414135413,0.3519,0.11227698313599743,0.1119419881420094,0.14111769401735982
1145,0.0,0.005740684891478892,0.3519,0.11217845808799272,0.11188640005661633,0.11812339757487925
1146,0.0,0.005344938032465224,0.3519,0.1113015032451505,0.11104678403427272,0.12238260130173718
1147,0.0,0.004976472861852821,0.3519,0.11095723169121872,0.1107349971716358,0.11374808167688656
1148,1.9166786906209061,0.004633408655878321,0.3519,0.11067092630144733,0.11047696540674745,0.0851437393828026
1149,0.0,0.004313994342646749,0.3519,0.11190539360983183,0.11173605138060387,0.10088888216790573
1150,0.0,0.004016599564292111,0.3519,0.11067416602578277,0.11052626866637164,0.12104082218593333
1151,0.8204558689378056,0.0037397063552877794,0.3519,0.1101217150329373,0.10999250528536832,0.09903703598913896
1152,0.0,0.00348190139443104,0.3519,0.10994559345491094,0.10983267483884238,0.14857749458164343
1153,0.0,0.0032418687909542766,0.3519,0.10768097313782525,0.10758226181376804,0.07736265415963904
1154,0.0,0.0030105300371421582,0.3519,0.10554881237640715,0.10546249556732892,0.09738675490691853
1155,4.97824345063614,0.01917305798477054,0.35092046480367434,0.10719544175792224,0.10711994181626916,0.12993055310276586
1156,3.9732513014282502,0.025905024855043934,0.3504467916653877,0.10494698207270091,0.10488092540968244,0.0933354105801169
1157,0.0,0.024119204449839005,0.3519,0.10507109630132887,0.10501328650629224,0.08297378700417199
1158,0.0,0.02245649353931674,0.3519,0.10376605535251819,0.10371544992517016,0.07714180057009823
1159,3.4446727497427796,0.024588094996541607,0.3516899576726269,0.10254787995890761,0.10250357015838975,0.08857985703205364
1160,0.0,0.022893060075106608,0.3519,0.10012252977794865,0.10008372316234401,0.1309029160873823
1161,0.0,0.021314876149459944,0.3519,0.09878623414091971,0.09875223943037727,0.10755323658580299
1162,0.0,0.01984548783676315,0.3519,0.09913725241876642,0.09910746636652797,0.11006401065904575
1163,0.0,0.018477395069879075,0.3519,0.09730921856394238,0.0972831145633852,0.08752847725710358
1164,0.0,0.017203614815451015,0.3519,0.0974706068680029,0.09744772506142405,0.11496911956385807
1165,0.0,0.01601764543103113,0.3519,0.0973454393773151,0.09732537806448058,0.1001022579035364
1166,5.267344443868392,0.033675824473528106,0.35078316569030255,0.09892253208543887,0.09890494025766894,0.08112789775766259
1167,0.0,0.03135430674314783,0.3519,0.09804938766786,0.09803395851727574,0.08963537707316663
1168,0.0,0.029192827991967804,0.3519,0.09891165481630279,0.09889812009037442,0.10359982431443591
1169,0.0,0.02718035557762295,0.3519,0.09938892323443364,0.0993770483236291,0.12344645632776284
1170,0.0,0.025306617417445363,0.3519,0.09868254906305636,0.09867212872459084,0.09816643196916999
1171,0.0,0.023562049557592918,0.3519,0.09659809455846517,0.0965889491922524,0.10725014510496458
1172,0.0,0.0219377473566164,0.3519,0.09769150112782711,0.09768347353202418,0.13874049996023224
1173,0.0,0.020425420034295847,0.3519,0.09590099557271446,0.09589394811599178,0.08058681990024155
1174,0.0,0.019017348353753724,0.3519,0.09500611789324911,0.09499993004932207,0.07085645128014505
1175,0.0,0.017706345220845663,0.3519,0.09546830575442174,0.09546287195163795,0.11580211982246727
1176,0.0,0.016485718999719606,0.3519,0.09615723620598268,0.09615246395102942,0.10559516922416602
1177,3.452142524578533,0.019090741824728044,0.3516834741086231,0.09487785106678773,0.09487365930700267,0.09358964472432264
1178,0.0,0.017774679149943136,0.3519,0.09442574400077351,0.09442206169423119,0.10038607759085538
1179,0.0,0.016549342177693195,0.3519,0.09374554743588684,0.09374231230248731,0.08783740146241152
1180,0.0,0.015408476530236052,0.3519,0.09450540681131078,0.09450256424161058,0.10551098539060427
1181,13.949147226423996,0.1049510111127122,0.34647790189234434,0.09658129967183934,0.09657880177340522,0.09055426610430631
1182,0.0,0.0977159801393496,0.34802675988241405,0.0945714145869547,0.09456921935065785,0.11126249340466215
1183,0.0,0.09097971209004592,0.349572249738459,0.09529575188011971,0.09529382245107357,0.0725787516416064
1184,0.0,0.08470782363522984,0.3511146036502767,0.09222135785358401,0.0922196618934121,0.07658657290103078
1185,1.0779693709526301,0.07886830173649523,0.3519,0.09201557149642182,0.09201408062526269,0.09504479122512764
1186,0.0,0.0734302415554889,0.3519,0.0906708304612153,0.09066951976936721,0.08197899934205886
1187,0.0,0.06836816481699133,0.3519,0.09241796302046142,0.0924168106408665,0.10703873916063171
1188,0.0,0.06365505357777072,0.3519,0.09231652466863315,0.09231551140253033,0.09218598949979002
1189,0.0,0.059266851126327715,0.3519,0.09129905990681918,0.09129816889587594,0.08117085103418813
1190,5.955761147050901,0.07964023350256925,0.3504619395432258,0.09051167133520294,0.09051088777428964,0.09543019405210024
1191,0.0,0.07415005718117958,0.3519,0.08971106082847574,0.08971037171398928,0.07988106490858965
1192,5.670489231104625,0.09113679303868577,0.350610323780967,0.08966153056620431,0.08966092447549451,0.05924433488961352
1193,0.0,0.08485407585990898,0.3519,0.0893150120057438,0.08931447890375946,0.06733512428882374
1194,0.0,0.07900014354184125,0.3519,0.08976545373839483,0.08976498480815712,0.07448262622213789
1195,2.0704522628506608,0.07355409324308351,0.3519,0.09108138355487233,0.09108097104881116,0.08243890232087617
1196,0.0,0.06848347851351422,0.3519,0.091536408556819,0.09153604566638128,0.0942581832966071
1197,3.765793496789104,0.07009939813924769,0.35155215295067505,0.09004733409012596,0.09004701483138997,
1198,0.0,0.06526694048710695,0.3519,0.08817269032543938,0.08817240943875347,0.09999927643736221
1199,2.007271775651794,0.06076761903270281,0.3519,0.08716187748310138,0.08716163034501352,0.12357399560011534
1200,0.0,0.056578468292583374,0.3519,0.08795196769938947,0.08795175024535037,0.11427355056429742
1201,0.0,0.05267810595988858,0.3519,0.08733793966827458,0.08733774832478632,0.084406336692782
1202,0.0,0.04904662376455691,0.3519,0.08638337338831012,0.08638320501335761,
1203,0.0,0.04566548585732575,0.3519,0.08622911567412915,0.08622896750487631,0.11071295378032893
1204,0.0,0.042517434198856445,0.3519,0.08451221250609128,0.08451208211294949,0.07631725619205001
1205,0.0,0.03958640047107016,0.3519,0.0830711462118002,0.08307103145808802,0.09017984143741853
1206,0.0,0.036857424061071224,0.3519,0.08327860922925578,0.08327850823576481,0.10605616278348268
1207,2.8107380312788037,0.0343165756990309,0.3519,0.08266380103649588,0.08266371215036249,0.08839623359285498
1208,1.179602760524909,0.03195088636026323,0.3519,0.08189476376506555,0.08189468553242223,0.10312356071974842
1209,1.7415094034888798,0.029748281068594028,0.3519,0.0818937203292159,0.08189365147116068,0.09071317503904319
1210,0.0,0.027697517263141708,0.3519,0.08098391670247539,0.08098385609395475,0.09596987280366642
1211,0.0,0.02578812741392088,0.3519,0.07997141456135498,0.07997136121260506,0.07452730737963226
1212,0.0,0.024010365593366688,0.3519,0.07918502987052695,0.07918498291076162,0.08769002338727634
1213,0.0,0.022353996971622082,0.3519,0.07945995595988344,0.07945991462295596,0.0731127733140545
1214,12.394102480029588,0.09854965203825575,0.3472522235860043,0.07918599983553133,0.07918596344732975,0.09363811883779909
1215,0.0,0.09175591296560258,0.34879810154248714,0.07787927072824449,0.0778792386956102,0.04503802837774688
1216,13.607815625163997,0.17321073108212245,0.3435807990954462,0.07744988056896092,0.07744985236994548,0.08508458770413364
1217,6.296964325276797,0.18855261281868962,0.34202659323921714,0.07821498900091776,0.07821496417621585,0.10416152769916845
1218,0.0,0.17555431981142552,0.34361437039912285,0.08024594656188527,0.08024592470730116,0.0927948892171052
1219,5.386373494777621,0.18319945545817648,0.3425127833794631,0.0792132678948754,0.07921324865469787,0.07964602195086565
1220,31.42414114183067,0.4057814129049111,0.32850360351500024,0.07969060580718772,0.07969058886836346,0.09141356980742099
1221,8.238508939576812,0.4211568990905574,0.3260949274947571,0.08026864639385461,0.08026863148086351,0.06429967450031562
1222,0.0,0.3921158381686579,0.32779098541384144,0.08198433885234226,0.08198432572268975,0.06629819719693043
1223,5.670144601255566,0.38718004510605764,0.3266495031357667,0.08322020954160107,0.08322019798185315,0.07698652537077744
1224,0.0,0.36048892904237484,0.3283297476002879,0.08546159271540357,0.0854615825376988,0.08344850245064703
1225,0.0,0.3356378243267198,0.3299975665124512,0.08665168346929956,0.08665167450828055,0.10691541615868465
1226,0.0,0.3124998856914462,0.33165381645529696,0.08669040355610898,0.08669039566622284,0.06975040462356956
1227,0.0,0.2909570122290673,0.3332992949614115,0.08666060557753814,0.08666059863066142,0.10761614088596663
1228,35.071337320067805,0.536291197767385,0.3175317719002613,0.08750581283848453,0.08750580672183328,0.05698911827100887
1229,0.0,0.49932077332410124,0.3192814322869233,0.08915216408820653,0.08915215870249765,0.07435130316203445
1230,0.0,0.4648989871750999,0.3210138817805108,0.09266822970280923,0.09266822496064242,0.09287007079561599
1231,4.19152286287258,0.44271005578429073,0.3206394753769667,0.09532944209418366,0.09532943791861762,0.11942054112322956
1232,6.717666546314786,0.44295473555522247,0.3190021194715869,0.09505992629972727,-0.01365512460106322,-0.024992934229541935
1233,0.0,0.41241866736910576,0.32070832880527145,0.09632341507696175,-0.11565525618636587,-0.15759233360531794
1234,0.0,0.38398767084250834,0.32240032264069274,0.09579677096385503,-0.2088160251538595,-0.19948327766610055
1235,0.0,0.35751662818669916,0.3240790809547861,0.09485313777711465,-0.2871192258345471,-0.2867685234129296
1236,0.0,0.3328704256299177,0.32574551616760106,0.09622559521277828,-0.34395264677021975,-0.36466513317130894
1237,0.7533637765803035,0.30992326376825236,0.327023795911195,0.09731808739458073,-0.37899365802912216,-0.39894072549206644
1238,5.368183826999099,0.30815485749527854,0.3259937814264431,0.0967406377632053,-0.3918203514101622,-0.404804290572273
1239,0.3762040690583978,0.28691151819885097,0.3274491351510133,0.09884589964309551,-0.2619001743786888,-0.25900767974527683
1240,0.0,0.2671326356633235,0.329082701468845,0.09825030200490815,-0.16811916429090817,-0.1539231254047388
1241,0.0,0.248715559969408,0.3307070592488297,0.09740307136239387,-0.09928012963467565,-0.12792226792365
1242,0.0,0.23156980062075957,0.33232284414914004,0.09832074634948501,-0.046907166217091435,-0.000206926892739559
1243,0.0,0.21560602226147077,0.3339306471602708,0.09874690295797545,-0.008487199833628906,-0.008323157432066498
1244,0.0,0.20074274240769238,0.33553101853147466,0.09873832152212952,-0.1648952020147509,-0.17143428847667933
1245,0.0,0.18690409575151465,0.3371244705793504,0.09877584779108325,-0.27917230004610205,-0.26479937799797715
1246,5.357423149551058,0.1935272438096503,0.3360425226264797,0.09906017613394155,-0.313016714906633,-0.30992640321400916
1247,0.0,0.18018601356987116,0.33763261563326463,0.09900119632402342,-0.2516956934887196,-0.20405994936826577
1248,10.737372043417153,0.23179041179547447,0.3338798248174538,0.09886736025916018,-0.20020431884550172,-0.17737439031995428
1249,8.680107824226102,0.26281460726300643,0.33117117820897224,0.09717129982722174,-0.15833372972548596,-0.16479928726582688
1250,5.856662297672024,0.26833592509726445,0.32987701502268485,0.09613707338716418,-0.12249121049289655,-0.12940093804080005
1251,7.842085421333474,0.28990609630838665,0.3276009253601723,0.09708077991262018,-0.09024965378299543,
1252,0.0,0.2699207758820286,0.32923588574811335,0.09677601186688135,-0.06392833568969247,-0.06986561091137265
1253,6.205281997787746,0.27783706001611763,0.32777216327922754,0.09765716514960919,-0.040348050507362336,-0.025999613295712827
1254,6.924784178889825,0.29116153479764806,0.32595535195718145,0.09925199623072183,-0.01936627015582323,-0.031395586112400904
1255,13.90480521129977,0.3613274876167644,0.32068361309533994,0.09929404130325607,-0.0027395049750825904,0.03040701766689669
1256,0.0,0.3364185750039355,0.32235182238284193,0.1002072822295636,0.012381179080254493,0.011624113783462365
1257,15.43232939298331,0.416104973837929,0.31634371017326923,0.10282636015288225,0.027186039065377886,0.02515241509204918
1258,0.0,0.38741985359021186,0.3180374201000643,0.10432252118490631,0.039145059897546554,0.05899967952882851
1259,0.0,0.3607122057962281,0.31971777620296243,0.1068609404914718,-0.12994867633743554,-0.16866167385292558
1260,0.0,0.33584570900180566,0.32138569905746334,0.1089882635195519,-0.19490459745858085,
1261,31.50083977509374,0.5485393431454598,0.3074095488414892,0.11024167525023801,-0.1429487490548311,-0.13010548334696176
1262,0.0,0.5107245656060306,0.30916491112429223,0.11136296577444588,-0.0996440974068435,-0.09855234158857733
1263,0.0,0.47551663371628045,0.31090266944115036,0.11161610608836592,-0.06428625822052395,-0.06366817550540194
1264,0.0,0.4427358387833798,0.31262403736054206,0.111475798623028,-0.035205088277064894,-0.026409828198562087
1265,0.0,0.4122148607322456,0.31433014479090815,0.11282094113417823,-0.009529317899071554,-0.020696639208397583
1266,0.0,0.38379791406867125,0.3160220437479425,0.11403642715049561,0.011949940920224156,0.009383707664600803
1267,0.0,0.3573399527173827,0.3177007137243012,0.11450608844814773,0.02930086650777959,0.0029261068418065528
1268,8.130720449862455,0.3751577902883811,0.31532293239451414,0.1159067935086251,0.04476882516530211,
1269,1.6515118038258838,0.3492929395855906,0.31617182296239404,0.11591247982065715,0.05650012393005616,0.08263459107873222
1270,0.0,0.3252136552615492,0.3178344297900248,0.11754789318908522,0.06791209493851073,0.5500888840686566
1271,2.919570255328893,0.30279432986552385,0.3180260418272931,0.11802337798776294,0.07654143648681819,0.06304804058457289
1272,0.0,0.2819193811408278,0.31966700151786354,0.1183490399789607,0.08366961281435342,0.11242304709468608
1273,15.495877122086451,0.36588866360980593,0.3136020072886252,0.11863893728760343,0.08963636546904229,0.11164700070743666
1274,0.0,0.340665316202736,0.3152723399467266,0.11911388066636835,0.09485024603039337,0.08513595096144737
1275,0.0,0.31718079625246925,0.3169309303448528,0.12208711853924771,0.10178071763306679,0.09197111835434468
1276,7.270007292691824,0.3306497621080867,0.31496125157956095,0.12086595150971177,0.10386509509384459,0.1030306846104236
1277,0.0,0.30785568661682905,0.3166151794228693,0.12148865521855803,0.10724988892569942,0.0889495703172072
1278,0.0,0.2866329713291554,0.31825849590853394,0.12309765207731505,0.11116764814607055,0.12292837043415805
1279,2.6746591168039178,0.26686743085600595,0.31855460006555997,0.12410030631070697,0.1141008042087898,0.11779280195707585
1280,0.0,0.24847033198526397,0.3201788352315526,0.12401546751683377,0.11563074724823805,0.11901005083697888
1281,0.0,0.2313414779721812,0.3217945059705387,0.1259115472953136,0.11887800702556081,0.13473023725135969
1282,19.885410544188286,0.3551210735957991,0.31352936123524244,0.12493240729053105,0.1190298897443977,0.1341860339498656
1283,0.0,0.33064001391358155,0.3151946812421993,0.12413410563919723,0.11917867810725566,0.15679920039164102
1284,7.715698405133434,0.34686925541901154,0.31301026666734205,0.12513050819076074,0.12096845105949403,0.15208160806342344
1285,0.0,0.3229570531442895,0.31467174519391417,0.12415855798334817,0.12066135824502663,0.08723771328752655
1286,7.237228401284495,0.335756572906698,0.3127210092797253,0.1221861454433231,0.11924632610834338,0.13797899761945748
1287,0.0,0.3126104480744066,0.3143773145037625,0.1235317630616936,0.12105940799813145,0.09946165806991655
1288,0.0,0.29105995274867713,0.31602284448013684,0.12466983434931536,0.12258969181440159,0.09479982071062049
1289,8.288643427619387,0.31475888295311655,0.3135359022078037,0.12569978125814482,0.12394884909449169,0.13894312985550925
1290,0.0,0.2930591118900781,0.3151824317637487,0.12558771181547895,0.124113223649004,0.11083830034961406
1291,15.75156523000364,0.37837628442923377,0.30899583729096153,0.12607252727423926,0.12483027264082992,
1292,18.39763117242238,0.4797082589739957,0.30153687583423733,0.12570137327584907,0.12465429589228517,0.14682397675301168
1293,0.0,0.4466385050473057,0.30326019508676094,0.12839809520824041,0.1275151229813528,0.1150161624689652
1294,1.3517123358635774,0.41582018883685673,0.3042922490132476,0.13001991872757204,0.1292749868887524,0.11213812933572861
1295,3.708578819846028,0.39301822677431164,0.3041344687167118,0.13147859108104415,0.1308498263102946,0.13815401380937567
1296,0.0,0.3659246426948365,0.3058174310380592,0.13016346489582423,0.1296325036838745,
1297,0.0,0.3406988149896558,0.307487780445554,0.1315164956769926,0.13106791465088372,0.1424117683562792
1298,0.0,0.3172119857261355,0.3091463864384171,0.1334608928770103,0.13308173253766714,0.10277703834794383
1299,0.0,0.2953442731856086,0.31079405857500986,0.13503594040144323,0.13471530681869429,0.12246221955116149
1300,0.0,0.27498405996185693,0.31243155060499084,0.1361001803507354,0.13582891193786836,0.13355486561642987
1301,41.30469366854134,0.5730007183523268,0.2935657041298963,0.13629886405638078,0.13606925269053585,0.17544316678459676
1302,0.0,0.5334996416015191,0.29533245395069707,0.1372274022133396,0.1370329597528178,0.15566815936757944
1303,0.0,0.49671401981240887,0.29708081096060324,0.13894934446176768,0.138784607197267,0.15658204715220525
1304,8.248953486181843,0.505907293999813,0.2947092878645122,0.14030934994129157,0.14016971475551526,0.16499655599191348
1305,14.110310301468356,0.5629629340652975,0.28943561418081076,0.1415608093818201,0.14144239642264061,0.13602952417681174
1306,3.6763325805797336,0.5297505208842657,0.289362323150963,0.14248881743391117,0.14238835496506155,0.15275127382085782
1307,23.537662944921863,0.6631812015988144,0.27942508227930146,0.14528838142212366,0.14520310923109583,0.15577895489298998
1308,2.6224991859150157,0.617463333008046,0.279922564352848,0.1457674737170247,0.14569506205647836,0.1269261882724472
1309,0.0,0.574897127195782,0.2817100129164459,0.14722184011892658,0.1471603216554031,0.14759437706955775
1310,4.334787647258122,0.5463087739250577,0.2813157734797793,0.1479462908812839,0.14789400353996324,0.15994656707605395
1311,0.0,0.5086477656273608,0.28307009736259303,0.15018057951794533,0.15013611845837824,0.12931091138213957
1312,1.5625122678334282,0.4735830025552509,0.28402563272995396,0.15265705497534418,0.1526192322220116,0.16955211566736617
1313,0.0,0.44093550677966914,0.28574610048334376,0.15480525383234123,0.1547730643250853,0.17071725560152304
1314,0.0,0.41053863861248074,0.28745136980264996,0.15632973719159896,0.1563023302223853,0.1777464819602596
1315,21.776211128547278,0.5376113514352611,0.278332069914094,0.1555736885895454,0.15555034376026167,0.14082297321411916
1316,1.2793961206315494,0.5005499192677503,0.2794426468134121,0.15880859941146738,0.15878870638805365,0.1617028376761472
1317,45.60100008201146,0.818568849171226,0.258551431196992,0.1603224963423025,0.16030553779802328,0.1901386937815462
1318,6.050737027922473,0.7873839926986813,0.25741975467938005,0.16257840134670665,0.16256393858563728,0.17918396035216635
1319,11.392367414802722,0.8025511976253374,0.25362484657079143,0.16484576505641407,0.16483342589040717,0.14983293458889765
1320,0.9698080370009421,0.7472255489158391,0.25501355532674885,0.16684634113148758,0.16683580965265904,0.17210186452591414
1321,4.687141309970949,0.7096750770881171,0.2545248222103075,0.16936613050798066,0.1693571384563236,0.19852771953664491
1322,20.408782004473437,0.8048106095603108,0.24622283651285087,0.17161770289705536,0.17161002237099607,0.1708430296816242
1323,37.05599400543923,1.0311442918242852,0.2297104116560434,0.17366814132925917,0.17366157862734996,0.1820358393325034
1324,3.936324193922975,0.9678082011148728,0.22972615365963933,0.174718797105155,0.17471318752093778,0.22683678341146668
1325,26.617585405688367,1.0965269185815725,0.21846562441608594,0.17802295953357614,0.1780181629540202,0.1780264207652799
1326,11.241471329326199,1.0891339967149134,0.2148894557497803,0.1826289001758188,0.1826247973575264,0.1812077307486025
1327,17.11410512900373,1.1308227867301115,0.20839781457864348,0.18731026897640535,0.1873067583937409,0.16792462786620913
1328,7.931629848399774,1.0936764958626246,0.2064788379023749,0.19164652252238018,0.19164351769843288,0.1791923320986904
1329,0.0,1.0182540613460471,0.20848796493304791,0.19643840171167007,0.19643582895702785,0.22685790213852525
1330,2.0653569642401925,0.9480499354589087,0.20942931141865728,0.2013685230826188,0.20136631957875073,0.19928352720638853
1331,17.120627699960764,0.999542923115241,0.2028687690302345,0.20441825562773236,0.20441636780170752,0.18137400371512138
1332,0.0,0.9306310446018148,0.20483408455253543,0.20978948528466995,0.2097878674302928,0.19183430512892832
1333,0.0,0.8664024621542656,0.20676728578361256,0.21132872031260305,0.2113273334200683,0.21210906482731273
1334,7.419568656149961,0.8432337014879681,0.20497911830628157,0.21320125807210702,0.21320006883418893,0.22915581223007628
1335,0.0,0.7851035140474997,0.2068716700633053,0.2153438609954806,0.215342840963247,0.20109626527267022
1336,0.0,0.7309737588815516,0.20873715694274608,0.2156177983722936,0.2156169232375273,0.23050423243419982
1337,7.495546831316973,0.7177833393087389,0.20684827519674195,0.2170418329093676,0.21704108189440915,0.20787477043138453
1338,0.0,0.6683013511220303,0.20868242587230296,0.22067509156063772,0.22067444689934157,0.22837048033541088
1339,0.0,0.6222305136556316,0.21049354112913077,0.2240157254360277,0.22401517193203432,0.2349574071766973
1340,1.7638251859581362,0.5793356716608742,0.21140129637198213,0.22594906040902768,0.22594858505967455,0.23862394713930737
1341,31.96746698283904,0.7790222569041488,0.19730707400901468,0.2292807717521132,0.2292803634280959,0.22114567733443202
1342,0.0,0.7253186279644782,0.19916973332299692,0.23232213143708527,0.2323217806094907,0.22941199164618664
1343,0.0,0.6753171779237148,0.20100739191195877,0.2343044199199602,0.23430411842757162,0.2448720803731967
1344,13.816865206398825,0.7182697209026592,0.19595809416921067,0.23673419199067677,0.23673393284152883,0.2112691217122135
1345,3.009044546012918,0.6688194383097934,0.1962879816153591,0.239078799540704,0.23907857674277985,0.2429004062098145
1346,0.0,0.6227128853527995,0.1980993380580355,0.2420266766958325,0.24202648511256702,0.252642341454248
1347,4.469975352594952,0.5919489110617148,0.1976603248372689,0.24245693015935402,0.24245676538626126,0.2636417256915653
1348,0.0,0.5511415985758894,0.19943589563655684,0.24523883905274863,0.2452386973120459,0.2447708417689698
1349,8.506098525326696,0.5587106750990435,0.19696220171144302,0.24631662063830287,0.2463164986888733,0.24287639144647022
1350,0.0,0.5201947142080265,0.19872229906854702,0.2487769996135548,0.24877689467398764,0.2518267480901945
1351,4.467047126785031,0.49646770563317993,0.1982370093579711,0.2486097711524882,0.24860968083527452,0.23414442630749302
1352,17.756751243273442,0.5843554717362726,0.1911508114722025,0.24945187846896427,0.24945180072421136,0.24543887336217365
1353,0.0,0.5440716298500293,0.19292284728712752,0.25133972122469217,0.25133965429196364,0.2596593625228468
1354,0.0,0.5065648440462664,0.19467612970915066,0.25380462660595526,0.25380456897305015,0.2595524168510859
1355,13.31049868402104,0.5569635746376591,0.18979936215445897,0.2539201625768173,0.2539201129444772,0.23313432760735797
1356,0.0,0.5185680539960279,0.191558646181457,0.2572524920387381,0.2572524492904198,0.2507992777707471
1357,0.0,0.48281941381924753,0.1933000558883666,0.2591559911894619,0.2591559543654416,0.21692085355992347
1358,0.0,0.44953518552561544,0.1950248234811294,0.2598322075389753,0.25983217581415563,0.2758662277537645
1359,0.0,0.41853938640803745,0.1967340931743334,0.2620553637509757,0.26205533641586193,0.2514068039020922
1360,0.0,0.38968644452468343,0.19842893639659576,0.26297523494216746,0.2629752113865549,0.26772187179020734
1361,0.0,0.36280254621955893,0.20011033766970554,0.26478251470745706,0.2647824944064397,0.24273899381080824
1362,3.2039681932443536,0.33946511355420456,0.20017808612986046,0.26759476245588504,0.26759474495785196,0.26581371138644105
1363,11.011823417801338,0.3823541965926529,0.19636335151925613,0.2687211325828836,0.2687211174992175,0.27751506902686796
1364,0.0,0.3559832462440653,0.19804134314237817,0.26879802443028145,0.26879801142651705,0.28827465541037595
1365,0.0,0.33144275077606106,0.1997070645177662,0.26882584672690457,0.26882583551513645,0.241430745431418
1366,0.0,0.3085857244698444,0.20136135738000113,0.2697239164374818,0.269723906769845,0.2863763834139009
1367,0.0,0.2873025383941401,0.2030050086491982,0.2701956995125984,0.27019569117566794,0.2666800414134134
1368,6.592602947290959,0.2971974881732584,0.20135730591963935,0.26942693957321034,0.26942693238318927,0.2536789683972627
1369,0.0,0.2767095194596474,0.20299566067936917,0.26888766608159453,0.2688876598801795,0.27815348272851287
1370,0.0,0.2576018017267145,0.20462446158023254,0.2695721399997728,0.26957213465059937,0.26340652268969816
1371,0.0,0.2398434495724393,0.20624438330501876,0.27182987799827624,0.27182987338386355,0.26560980882766433
1372,9.629595850776248,0.2781695528805547,0.2030686701560709,0.2690032702271106,0.2690032662462337,0.25462460673551807
1373,0.0,0.25899331713399437,0.2046981668146379,0.2697519999962701,0.26975199656170024,0.2738911856044771
1374,0.0,0.24106537442849046,0.20631869950185214,0.2694574377402943,0.2694574347768551,0.26985436045598843
1375,0.0,0.22444699760578143,0.20793092300065502,0.2700579278959406,0.27005792533883544,0.26623523385047154
1376,0.0,0.208974245487061,0.20953541012339855,0.2706547902183315,0.27065478801170473,0.2511923046066319
1377,0.0,0.19456814188973384,0.2111326941943434,0.27035167621479317,0.2703516743104912,0.2597512093382884
1378,0.0,0.1811551550297023,0.21272327177185826,0.2689054886388504,0.26890548699535555,0.2765763428037573
1379,1.0456246832553604,0.16866682219966783,0.21378479284133042,0.2670155093810763,0.267015507962589,0.29220043268643464
1380,13.324499625729075,0.24247516166789126,0.20874378060929982,0.2645952092727091,0.2645952080483575,0.2636737412411142
1381,0.0,0.22574633715783043,0.21035665377787874,0.2656561710951507,0.2656561700383102,0.2935292487828492
1382,0.0,0.21018401218217114,0.2119617457839698,0.2651913478291823,0.2651913469168889,0.2645835378418763
1383,0.0,0.1956945106316765,0.21355959303928565,0.2643167290734241,0.26431672828586983,0.24212326004563467
1384,0.0,0.1822038750415471,0.21515069497680642,0.2636337721660813,0.26363377148617906,0.2758591251047121
1385,0.0,0.1696432463690273,0.21673551659999093,0.26182300189635516,0.2618230013093639,0.2421208282275345
1386,0.0,0.15791621564478028,0.21831447470781332,0.2616012215716651,0.26160122106486666,0.26924271769284014
1387,0.0,0.14702991069856902,0.21988798966316261,0.2623352598158666,0.2623352593782875,0.28333401509758216
1388,0.0,0.13689407735464387,0.22145643670183993,0.2628307023626967,0.262830701984868,0.2562765572703812
1389,0.0,0.12744594391451197,0.22302015967379718,0.26056890330634186,0.26056890298009266,0.25840847898199326
1390,0.0,0.11866017480304847,0.2245794897611987,0.2612010254878427,0.26120102520612143,0.3101252268721827
1391,0.0,0.11048007219229156,0.22613472979729485,0.2596591495018153,0.25965914925853617,0.2640490280825634
1392,0.0,0.10286388311725608,0.22768616173885348,0.2569364601120195,0.25693645990193,0.2618284640415774
1393,0.0,0.09577273294630216,0.22923404810532663,0.2548740848248695,0.25487408464343597,0.27009611014820445
1394,0.0,0.08917042695683512,0.23077863331880505,0.2530509948262972,0.2530509946696062,0.2507053849614274
1395,0.0,0.0829796235123693,0.23232012313056125,0.25216518145210653,0.2521651813167799,0.2500213140056015
1396,1.7338908975424598,0.07725923892621984,0.23299180730125313,0.2502295580140639,0.2502295578971854,0.2574685576375691
1397,0.0,0.07192101354569659,0.23452776780802598,0.24779976113915966,0.2477997610382117,0.19963113076142933
1398,0.0,0.06696297879098695,0.23606124929742148,0.24660293140359252,0.24660293131640149,0.2745137272385279
1399,0.0,0.06233578561848831,0.23759241719023072,0.2475774885043538,0.2475774884290431,0.22588370803035102
1400,0.0,0.05803852983298377,0.23912143645514722,0.24589961455266574,0.24589961448761508,0.22399106318576262
1401,0.0,0.05403751491623271,0.24064845521260533,0.24537708570789293,0.24537708565170324,0.25578087022999624
1402,0.0,0.05029864980419396,0.24217360453750744,0.24445469671290013,0.2444546966643633,0.24463101892147404
1403,0.0,0.046831200702052024,0.24369702013785846,0.24609818760766605,0.24609818756573898,0.22076766251066107
1404,0.0,0.04356983017277826,0.24521880505294485,0.24316160828157873,0.24316160824536054,0.24703542593426145
1405,0.0,0.04052645043300427,0.24673906827816136,0.24321885924848125,0.24321885921719402,0.22008637033375264
1406,0.0,0.037732669591690256,0.2482579346129572,0.24088562816697068,0.24088562813994258,0.22661821797930626
1407,0.0,0.035131484235692574,0.24977550035507504,0.23924077455504256,0.23924077453169337,0.20886363755448284
1408,2.77859448513624,0.03270778597289057,0.24990255700549335,0.23808854127133067,0.2380885412511593,0.22121775321297626
1409,0.0,0.030453002125883737,0.2514177835065563,0.24021506692486125,0.048215915433875135,0.05579622472307097
1410,0.0,0.028353656809657835,0.2529319603349611,0.2383721113718272,-0.09418017400554636,-0.09207724127718543
1411,0.0,0.026399034523973915,0.2544451598522231,0.23540346663868345,-0.14859483632144288,-0.14277311302577603
1412,0.0,0.02457915846539362,0.2559574494314558,0.2356275642781871,-0.07073211875667042,-0.05267720734579345
1413,0.0,0.02288473960357505,0.25746889180125754,0.23370621864738836,-0.010712193271963617,-0.011924314746765726
1414,1.060459737558057,0.02120812685394385,0.2584492659959055,0.23238362071350757,0.03738289642304709,0.02384592218341081
1415,0.0,0.01974609754094849,0.259959139044676,0.2312797199360989,0.07570517800526688,0.06976086229962465
1416,0.0,0.01838485646478227,0.2614683314729084,0.23029626858844718,0.10617653423841728,0.1387242750658173
1417,0.0,0.017103889105277652,0.262976883417461,0.22904496251084683,0.13002035177488028,0.13033044415988893
1418,0.0,0.0158960787962555,0.26448483145685914,0.22823253364984308,0.1492291939894505,0.155245980229414
1419,0.0,0.014798499259431051,0.26599223070648886,0.22753883262714414,0.164508767362462,0.16222748284766678
1420,0.0,0.013725250157110742,0.2674990933315674,0.2273106963630711,0.17702435221168047,0.18155883969951653
1421,3.7410073004627518,0.018910942794423513,0.2671380451527332,0.22579821926564708,0.18567900952828797,0.1939287672099377
1422,0.0,0.017607274964999715,0.2686468487902157,0.22399128892653974,0.1919835735693582,0.19144011197828334
1423,0.0,0.016390028476186595,0.2701550438044538,0.22187332280066108,0.1963370809580688,0.19288133819410427
1424,0.0,0.015260145472466381,0.27166267387719006,0.22141733405767192,0.20104413215410594,0.18507849655471315
1425,0.0,0.014208153462282309,0.27316977795392117,0.22032012238240828,0.204066072222552,0.18681397458233345
1426,0.0,0.013228682857053899,0.2746763922953497,0.21982373851387335,0.20685601022796968,0.21461588647924765
1427,0.0,0.012316734232711558,0.27618255066246605,0.2193109770381003,0.20896512629669758,0.2235393999258963
1428,0.0,0.011419123765857906,0.277688260224349,0.21994489543821774,0.21169081845544985,0.22975150076939066
1429,0.0,0.01063192111522393,0.2791935761849066,0.21909379815428925,0.21250857007199445,0.2132199958200905
1430,0.0,0.009788879367872289,0.2806984706245905,0.21878878130305668,0.21353498624075987,0.19670466932879802
1431,1.7751390976136125,0.009106176291320182,0.2813154541639294,0.21652712086095632,0.2123355633003528,0.224546580517918
1432,0.0,0.00845673087490456,0.28281968252936684,0.21439655356283027,0.2110524652275326,0.2229754348667213
1433,4.277445110033609,0.01844467083962949,0.2821901823097699,0.21304273454262718,0.2103747700371662,0.1800176811654251
1434,0.8421443938508363,0.01716878591270881,0.28327769450580076,0.21082616574742677,0.07589293629556575,0.09154999771829751
1435,0.0,0.015940222751291477,0.28478566461717647,0.21052223575312587,-0.0437854734974343,0.4674755518241199
1436,0.0,0.01475332689031891,0.2862930412806216,0.2081925444867228,-0.2130945149873447,-0.18020260435132543
1437,2.5630629218167984,0.01373385351835533,0.2865183767464724,0.20727149704110678,-0.33995844038515294,-0.36280948491016407
1438,0.0,0.012726037758158247,0.2880247397653515,0.20382497752133003,-0.41594234970055094,-0.44184306967759446
1439,0.0,0.011827439160790203,0.28953065348493184,0.20174525674594457,-0.37365496264916265,-0.35831601525926376
1440,0.0,0.010975609027790767,0.29103614128944577,0.20043834551266118,-0.3228047814079316,-0.3589821580126546
1441,1.1300080424675751,0.010206234746604158,0.29197624038558523,0.1992148262840085,-0.20741701439948568,-0.2223372265514237
1442,5.9423499239817765,0.033850741086689395,0.2905219907941377,0.19646206211223802,-0.12072942492908001,-0.14284744166037117
1443,0.0,0.031517165091214196,0.2920377493766833,0.1957049378473306,-0.05262261176984723,-0.073158093642217
1444,0.0,0.02930796312592729,0.2935524033582463,0.19580919873172928,0.000706979841813382,-0.03765046869246732
1445,2.894313016264999,0.027287553615488864,0.29361889062692154,0.19557823209128022,0.04177154474841932,0.036711711851072505
1446,2.900858351685943,0.025406425520559616,0.29368116466383887,0.19403469314571084,0.07238855626884345,0.09153084968973205
1447,0.0,0.023643554338493352,0.2951929864410081,0.19256373307323985,0.09605644435324628,0.10456246952762559
1448,0.0,0.022013633424480726,0.29670399325772034,0.19049470937038562,0.11370818523727638,0.12230124085175895
1449,0.0,0.02049607472758241,0.2982142412950841,0.19024621774180261,0.12898370888458394,0.12157050920868062
1450,0.0,0.019071513106466487,0.29972377705163733,0.19080537485346277,0.14180380454666072,0.1703756878813542
1451,1.6506537651244064,0.017756776006068387,0.3004073285570782,0.1893890228012111,0.15010179977420618,0.16036193703438426
1452,0.0,0.01653267322679173,0.3019155948936916,0.18680336861766872,0.15523583492528073,0.17593993509845818
1453,1.4676922071414258,0.015392956690474984,0.3026894452684661,0.1861241152727733,0.16070842178901293,0.12955799438498378
1454,0.0,0.014256939651110662,0.3041965737382917,0.18595211807968465,0.1654517267925934,0.17210123347683995
1455,0.0,0.013274105861635596,0.3057032107912225,0.1823471011616897,0.16578362304300423,0.14277290541038168
1456,0.0,0.0123590259016199,0.30720939030417327,0.18161714324096362,0.16821407280017456,0.1749707026936024
1457,0.0,0.011479071711523651,0.3087151298400291,0.1829136744788209,0.1720529521652994,0.1758209858905586
1458,17.25808304820934,0.12867407797047617,0.3016504253549096,0.18285693709497194,0.1740452863398994,0.15140562077366593
1459,0.698463007931728,0.11980364471104368,0.3028610956732993,0.18291967808105822,0.17576241849701063,0.1791245270271385
1460,4.549751374969672,0.12436518688549257,0.3021484025792572,0.1828027738772178,0.17698337445035175,0.1999810433823557
1461,0.0,0.11579179660001701,0.3037062984775572,0.1833622618223041,0.17862631806771553,0.18849803073832122
1462,0.0,0.10779520093229364,0.30526019607802335,0.18188554567369997,0.17802817956560552,0.18970690771076784
1463,7.290434533858815,0.1358676641625289,0.3031829126431752,0.18048390577904766,0.1773398239471448,0.16005188783019886
1464,3.6138050656700376,0.13157680157903925,0.3029417985111297,0.18043719316343204,0.17787281735889407,0.16425604197318155
1465,0.0,0.1224681222838367,0.3045030325722716,0.17928400815097614,0.17719122709138904,0.15495640158567675
1466,0.0,0.11402551035872117,0.306060045327451,0.179048480686801,0.17733967501012343,0.17991546890333718
1467,0.0,0.10616490863176077,0.30761312778176686,0.17661323508050364,0.1752173053722972,0.19887114938159095
1468,0.0,0.09881954639511233,0.3091625375549644,0.17683324833445022,0.17569243606027588,0.18432929657401098
1469,0.0,0.09200720155572392,0.3107085411557423,0.17711568972991187,0.1761830268928863,0.1761145307444019
1470,0.0,0.08566448083326061,0.31225137339615894,0.17656990978955045,0.17580716859532539,
1471,0.0,0.07975900964651758,0.3137912529009822,0.1761258277903959,0.17550186905251122,0.1843365743662238
1472,2.030491147100854,0.07426064522792664,0.3143131376500457,0.17712002829983542,0.1766094686483744,0.17185452820173377
1473,0.0,0.06914132276852765,0.31584770831142994,0.17538759678620974,0.174969731378764,
1474,0.0,0.06437491216927839,0.3173798957675146,0.17381640929950162,0.1734743397560068,0.13903856713924514
1475,0.0,0.05993655749079043,0.31890986404626,0.1720563533156045,0.17177628082864196,0.1650210786742158
1476,0.0,0.05578399044293542,0.32043775604148145,0.17095928337721344,0.17072993501310219,0.1529158071450168
1477,10.569747875007883,0.11457844721680728,0.31671017132758594,0.16926742386083485,0.16907958644369847,0.20200014478949763
1478,0.0,0.10667972755985122,0.31826351119136587,0.16881991219208461,0.1686660532215539,0.16938427291909725
1479,0.0,0.09932552367994293,0.31981317395320585,0.167660268908242,0.16753422798582046,0.14688355332851125
1480,0.0,0.09247829817300543,0.3213594131022923,0.1656833920281545,0.16558012947771023,0.15589085168008782
1481,0.0,0.08609381590802657,0.32290246001024636,0.16359256950966397,0.1635079614451713,0.19526871977342422
1482,0.0,0.08015874755465363,0.3244425393840237,0.16425288860643342,0.09439678576904291,0.07555799987567412
1483,9.423519810720714,0.1277877805944561,0.32129467336896056,0.1636098114290348,0.03081066638803162,0.04620178161382152
1484,0.0,0.11897844621248212,0.3228541625920668,0.16296215221373306,-0.01978855303678978,-0.011011221330442078
1485,0.0,0.11075926798421244,0.3244095422260589,0.16254243175112637,-0.11863085349181249,-0.08932559711236235
1486,0.0,0.1031238319273636,0.32596110414202256,0.16198877551011523,-0.19206240421169057,-0.18142467060557493
1487,1.900474462657379,0.09601476160802162,0.3265588742914979,0.16225131308763283,-0.1977836563111414,-0.2057280194244953
1488,0.0,0.0893957708353837,0.32810357217691555,0.16229633530966406,-0.20119533843137824,-0.19062347357396614
1489,0.0,0.08323307488777615,0.32964518871435944,0.16116760793355478,-0.19842742462377033,-0.1970211007689818
1490,0.0,0.07749521806832596,0.3311839363233936,0.1597907357525036,-0.18518672121574287,-0.16570074754387837
1491,0.0,0.07215291314846498,0.3327200127799679,0.15813905578059131,-0.10091058453331055,-0.10204670599597344
1492,1.92449813711013,0.06717889187975273,0.3332913531573527,0.15631408695486673,-0.03840640746623244,0.001095927894152908
1493,0.0,0.06252108108152857,0.33482261369789346,0.1571362242206343,0.010618292491057092,0.00872026252376664
1494,0.0,0.05821105154186858,0.33635171922366436,0.15562073283275518,0.045255093402759974,0.054149041085037
1495,0.0,0.05419814345806629,0.3378788182953934,0.15299664938962587,0.06977162960991823,0.05685071055194073
1496,0.0,0.0504618741028646,0.3394040492324448,0.15154858872773572,0.08871916662572626,0.09139398487935423
1497,0.0,0.04698317277128756,0.3409275408188305,0.15015116196860556,0.10266437788463717,0.10338930777162875
1498,0.0,0.04374428343974935,0.34244941296055037,0.1498680676214856,0.1139350676152926,0.11751865758913113
1499,0.0,0.04072867413557368,0.34396977729761813,0.14836048410021457,0.12113756433997241,
1500,1.759091782279169,0.03792095255432657,0.34460919188275574,0.14827184245819378,0.1276225665746651,0.11714283525306887
1501,0.0,0.03530678749425565,0.34612684527650284,0.14802905067632377,0.13234670335107127,0.11571633924687824
1502,0.887682943961029,0.032872835706820897,0.34719944022237575,0.1486577402837469,0.13673271228673556,0.15903459501378617
1503,1.8863121656526858,0.030606673789946318,0.3477715874764444,0.15017612464039523,0.14109677950541133,0.1356471254461934
1504,3.8652964403329433,0.03565710698329287,0.34735676780976954,0.15236215611908857,-0.20426960380245457,-0.21733847778786866
1505,0.0,0.033199005144068386,0.3488733673123416,0.15305383267246386,-0.34679437044153016,-0.32356387315225466
1506,0.0,0.030910358012844457,0.350388822491348,0.15122402380555802,-0.2612967636173071,-0.2455466833536911
1507,0.6011279418228397,0.02877948385308548,0.35160264826236315,0.15015192159964327,-0.19032204007315914,-0.24268603704486413
1508,0.0,0.026795506234700797,0.3519,0.1497306604301249,-0.13129718996931103,-0.13853443518640682
1509,0.0,0.024948298518457004,0.3519,0.1511262798613957,-0.08084784297667891,-0.06492174925366287
1510,0.0,0.02322843216748033,0.3519,0.15111816478365567,-0.04037445751633246,-0.023455823447837948
1511,0.0,0.02162712862202058,0.3519,0.15163195498090024,-0.006450883081867732,-0.016341697670634286
1512,0.0,0.020136214491834906,0.3519,0.15076130149040276,0.020253750347046,0.05171032042490227
1513,0.0,0.018748079837484232,0.3519,0.15065500089015038,0.042908529072389984,0.027484607502618497
1514,0.0,0.017455639327601014,0.3519,0.15067319486755074,0.06171511200122324,0.05747477358296149
1515,0.0,0.01625229607386706,0.3519,0.14951312437424208,0.07606489890267473,0.07899001258404846
1516,0.0,0.015131907959107441,0.3519,0.1495890711322624,0.08894484282416805,0.089227649650324
1517,0.0,0.014088756286632,0.3519,0.14995493696128817,0.09988134118137675,0.11632924801771165
1518,0.0,0.013117516590804117,0.3519,0.1490868327914748,0.10774038522382466,0.12846529548290278
1519,0.0,0.012213231459847715,0.3519,0.14939682142361638,0.11525577550775623,0.11479362074025795
1520,0.0,0.011371285232174434,0.3519,0.1503324985669146,0.1221406332610358,0.1503993862839528
1521,0.0,0.010587380437075631,0.3519,0.14967944998025273,0.1263996938792601,0.11321341904119227
1522,1.0860615098934783,0.00985751585952763,0.3519,0.14896146124071438,0.12973762794007673,0.1259487929761766
1523,3.7989372871167872,0.015789212944363803,0.35150842596291376,0.14793504890393316,0.13206026204411947,0.16675901265362875
1524,0.0,0.014700748493318098,0.3519,0.14662098265036244,0.13351161895576502,0.13593748450756782
1525,0.0,0.013687319755918475,0.3519,0.14608580424179357,0.13525998863521344,0.15700113452732636
1526,1.074518563583499,0.012743753978643241,0.3519,0.14498244384973477,0.13604230021435,
1527,12.68697558161495,0.09202545234691768,0.347102524935366,0.14398176510672245,0.1365987659133556,
1528,0.0,0.08568147346564126,0.3486453656720988,0.14275348970574414,0.13665636280615664,0.13509261015809257
1529,24.18928239574013,0.25511722414171983,0.3381782830862996,0.1407494295347901,0.13571417528197852,0.13968402110634232
1530,0.0,0.23753015185976387,0.33979704816222944,0.13986282506976655,0.13570447513212233,0.1295433273802991
1531,1.74583729900143,0.2211554834540704,0.3405347072544558,0.1401915437342887,0.13675735745691023,0.1376735328545997
1532,0.0,0.20590963917153382,0.34213766207404156,0.13895688359856284,0.13612073094687352,0.15003951121234835
1533,0.0,0.19171480101490063,0.343733519474549,0.13821595800521963,0.13587368199110048,0.1604656237786397
1534,0.9578454331919293,0.17849660033387743,0.34484384505812,0.13972478086695747,0.13779036854252838,0.14057441492711234
1535,0.0,0.1661915408745779,0.3464269408285573,0.14067028846214016,0.1390727094191433,0.15260821501547686
1536,0.0,0.15473475800997924,0.3480043082075623,0.13975325138472708,0.1384338473287407,0.15721512535841337
1537,0.0,0.14406777390960057,0.34957634209451705,0.14010249915926784,0.13901282845285656,0.11823400871267513
1538,2.582440134029877,0.13413614204204338,0.34985219009852314,0.13916382178255352,0.13826387962423123,0.1076135349591606
1539,0.0,0.12488916926843854,0.35141463468315737,0.14047899987894247,0.1397357486273027,0.17255125061708187
1540,12.210736550117552,0.19249897214567077,0.3469055158941714,0.139546300962957,0.1389324565402162,0.16584315968334817
1541,0.0,0.17922862809611548,0.3484951302082195,0.13948518933336182,0.1389782190726681,0.140785078181261
1542,0.0,0.1668731046777078,0.3500785667605583,0.14068686506634862,0.14026816015124846,0.14792278558538158
1543,2.1376027874433454,0.155369336699067,0.3505874500351862,0.13963222727867602,0.13928641934874977,0.12121146287940066
1544,0.0,0.14465860650780357,0.3519,0.14068176891366616,0.1403961657148434,0.11354207438871146
1545,4.700300512737823,0.14875631780645562,0.3511242279025343,0.13957198746356392,0.13933610680080002,0.1462879025208657
1546,0.0,0.13849816906735027,0.3519,0.13953598050119442,0.13934116536657576,0.11043402923684263
1547,0.0,0.12895049027576486,0.3519,0.13893625842379498,0.13877535915806286,0.15760955249211098
1548,5.906505876023309,0.14411248638728238,0.350518803305182,0.13851951281765207,0.13838662462760687,0.1255102397637188
1549,0.0,0.1341777721658013,0.3519,0.1383981460830832,0.13828839227215492,0.14472261737090317
1550,0.0,0.124927929527184,0.3519,0.138013106135846,0.13792245908524167,0.17706769920156837
1551,0.0,0.1163157453282482,0.3519,0.13666071694178678,0.13658585026690884,0.17479153418015203
1552,0.0,0.10829726116866396,0.3519,0.13717452954118045,0.13711269599351847,0.13233945785981924
1553,1.4054379743341179,0.1008315490180288,0.3519,0.13751694632520442,0.13746587695579326,0.15934171555268026
1554,0.0,0.09388050231058831,0.3519,0.1384057327839611,0.1383635536655654,0.11847413679000723
1555,31.301279726354668,0.32159557081785606,0.33791015792223156,0.13936543403961735,0.1393305974897832,0.12829626759601226
1556,0.0,0.2994256661061749,0.33955987075528465,0.1382763582006719,0.1382475859803928,0.14623335400563506
1557,2.6726080662626703,0.2787840929995438,0.33986295876865313,0.1397522929149556,0.1397285293175237,0.16794208501572502
1558,33.815193565647,0.5145627920732792,0.32471264338186623,0.14117154996447626,0.14115192307229066,0.1303254773851807
1559,0.0,0.47909026352001033,0.32645218851362623,0.14151812027600688,0.14150190996304993,0.15287933197434248
1560,0.0,0.44606311248207364,0.32817522006986727,0.14331550068187815,0.14330211218725988,0.14591442790659298
1561,0.0,0.41531276143098766,0.3298828764505828,0.14542637675688427,0.1454153188594075,0.1208478581117831
1562,1.1706192984474029,0.3866822541044891,0.33099090792841135,0.145419379722647,0.14541024671526814,0.14331323415638736
1563,0.8647587045733305,0.36002545436874284,0.33223854130330904,0.1444817798976971,0.14447423670026138,0.17489597488371975
1564,8.585726469135377,0.38142847192630686,0.3296363923047045,0.14448346990139949,0.0849945835599646,0.0837187406825746
1565,0.0,0.355133853329965,0.33131395923136947,0.14771087843215974,0.03279406509538816,0.04334948616890072
1566,0.0,0.33065191264839794,0.3329792851876937,0.14828047972520614,-0.014233409136562385,0.002824779815586556
1567,0.0,0.30785768890486914,0.33463321403214613,0.1473178783333151,-0.05171847864004151,-0.06583784409358699
1568,0.0,0.28663483558502373,0.33627653144993863,0.14724832712195665,-0.07474686714662426,-0.04968198154103018
1569,0.0,0.26687502677979774,0.33790996896332853,0.14637041162342743,-0.08345531824714145,-0.052971834549594865
1570,0.0,0.248477404267184,0.3395342076654621,0.14602906042399919,-0.043957076347708963,-0.011600805996360014
1571,0.0,0.23131121123089296,0.34114986327107755,0.14612587771014382,-0.010926738575666834,0.015763498343352826
1572,0.0,0.2153652593053396,0.34275754590073026,0.14351168533083195,0.013683663656750103,0.004945189814847074
1573,0.0,0.20051457148893986,0.3443578031864747,0.1437828588832662,0.03646013092966969,0.02530182939945093
1574,0.0,0.18669165430165335,0.34595114901362556,0.14506089977200076,0.05634224114162421,0.04119767684276256
1575,0.0,0.17382165060163984,0.3475380598389264,0.14467787391464895,0.07133832562546998,0.053757727309991975
1576,3.5183307543453664,0.16611699356016008,0.3473619529585338,0.14407194103201115,0.08344558095886517,0.06808309725470965
1577,0.0,0.15466376333797613,0.34893928484020276,0.1449233962649572,0.09480643179616223,0.1150529523343361
1578,0.0,0.1440016734129412,0.3505112856769092,0.14337538041319062,0.10194603970119819,0.13156549046111068
1579,3.3111751430701353,0.13664958852060965,0.3504240228996345,0.14182344653082116,0.10757575635157238,0.09526821754373935
1580,5.740034234959118,0.14990326887412223,0.34912895741659195,0.14011374820314051,0.11180279122262968,0.1284160967704714
1581,0.0,0.13956935420465974,0.3506987420936943,0.13968516511343232,0.11628182664105836,0.09149924560056921
1582,0.0,0.12994783088728584,0.3519,0.1397787413291265,0.1204323005840818,0.11435787653529056
1583,1.8050584389771671,0.12098958864242465,0.3519,0.13935854956016944,0.12336575562832557,0.10392575239012551
1584,0.0,0.11264890271666213,0.3519,0.13955535113354228,0.04416306089203904,0.012096947082041669
1585,0.0,0.1048832004939835,0.3519,0.14000843781175765,-0.21560905858259133,-0.2141462693085047
1586,0.0,0.09765284419618259,0.3519,0.14010302920055287,-0.3563947495050637,-0.35446387889463904
1587,24.539339658500896,0.26916006356660427,0.34126491020253286,0.13887136193654587,-0.3605301354326118,-0.3682993919547329
1588,7.1796724769289115,0.2851919200391966,0.33931766992408796,0.13869763041559163,-0.35318290159016097,-0.3632766165160752
1589,1.937310244046312,0.2655315818208218,0.33998178059297524,0.14009287595653308,-0.3302272805763734,-0.3495630248332175
1590,0.0,0.24720700787860617,0.34160538409691454,0.13912674207614187,-0.233248440445845,-0.23558076865436883
1591,0.0,0.23016524391776932,0.34322046671887346,0.138901347165987,-0.15617913860833543,
1592,2.128179499528905,0.21429829179333273,0.34376352611500566,0.13846017127511914,-0.09557442412378747,-0.09048813446837897
1593,0.0,0.19952516324292416,0.34536328869662714,0.13821117044273912,-0.04757188017274886,-0.07135700484627752
1594,0.0,0.18577045310985585,0.34695617392318207,0.13702217155419996,-0.010590841440831056,-0.0057974852056915886
1595,0.0,0.17296395445933824,0.3485426559004117,0.13552315635484855,0.01813043575621054,0.028583857810783174
1596,0.0,0.1610236979809515,0.3501231677494022,0.13789775358154743,0.044451813581045226,0.06949966121026457
1597,0.0,0.14992317184036577,0.3516981293353224,0.13861407176275806,0.06416032889430115,0.08536634690008907
1598,0.0,0.1395878851157348,0.3519,0.13763466784617526,0.07825704376318887,0.08228593200097903
1599,3.0114247993383003,0.1300596251264875,0.3519,0.13728419871241745,0.08988490379340543,0.07646663433649366
1600,0.0,0.12109367609753062,0.3519,0.13764407880341975,0.0997705683094203,0.06343361537879683
1601,0.0,0.11274581467194543,0.3519,0.13695631131542443,0.03019869251379164,0.03025252969661326
1602,0.0,0.10497343160845611,0.3519,0.13720844495501347,-0.03476345615539875,-0.006348287529694154
1603,0.0,0.09773685502843928,0.3519,0.13620542275874825,-0.09213716495516444,-0.05883594278767
1604,0.0,0.09099914792230776,0.3519,0.13544360691863133,-0.13600477038028913,-0.1865909871255214
1605,0.0,0.08472591961524141,0.3519,0.13494021389893365,-0.16295034760091975,-0.17789594575827733
1606,0.0,0.07888515022994626,0.3519,0.13404878435367834,-0.17145124814236185,-0.17829202359986174
1607,7.903117716038418,0.11402057659700247,0.3495054514302793,0.13114988716615064,-0.1360518243952231,-0.15668996422570663
1608,0.0,0.10616031498986056,0.3510585315877742,0.13084152385771125,-0.10292041509813976,-0.09904458075725732
1609,0.0,0.09884191796871422,0.3519,0.13075133886669194,-0.1825644156408188,-0.181644490551007
1610,0.0,0.09202803089522806,0.3519,0.13085465933982676,-0.25505413113389785,-0.2652386682793819
1611,0.0,0.08568387425599872,0.3519,0.12946791859918058,-0.3119962696891512,-0.31257036949820616
1612,0.0,0.07977706614060011,0.3519,0.12940831564218708,-0.34254118442267834,-0.3742129625891071
1613,0.0,0.07427745695749882,0.3519,0.129203678447799,-0.3429106267836625,-0.36218577254693757
1614,0.0,0.06915697554419475,0.3519,0.126999917651495,-0.28795831622534745,-0.30572417149478354
1615,4.782409368509997,0.07913901438149398,0.3510483648229357,0.12435950726912864,-0.24037504535206614,-0.2223174854544453
1616,10.035590922700433,0.13190326468234004,0.3475965209939267,0.12443961653166086,-0.1961602487152943,-0.22854352978385195
1617,1.444161150212605,0.1228079838196706,0.3484358444107302,0.1232427054513518,-0.15857120528688992,-0.1627002661442417
1618,0.0,0.11434194278498917,0.3499930153821227,0.12398115333309488,-0.12374568829591741,-0.10807279931702943
1619,0.0,0.10645952708615036,0.3515462451456658,0.12582831664745792,-0.09193977794956534,-0.09289846009824992
1620,2.9452605231385065,0.09912050321480685,0.35162317513570396,0.12491928037039224,-0.06651736879286792,-0.05018081072221346
1621,2.402796573729566,0.0922874112488396,0.3519,0.12388718332555533,-0.04440531422148258,-0.05732828214486462
1622,0.0,0.08592537364903288,0.3519,0.12351830593359846,-0.02443086615217651,-0.01560616982040559
1623,9.616143869802643,0.1347508454354916,0.34865930348781643,0.12381963662400718,-0.0062475601135210425,0.011946073519482975
1624,0.0,0.1254614967186359,0.3502220342361757,0.12245122208916431,0.008102875559822592,0.05285522376526779
1625,29.362895384911727,0.3349668347056529,0.33720806996107267,0.12344267180267053,0.02291205800077898,0.037588552840996395
1626,3.021259526529317,0.3120510758967812,0.3373534657357564,0.12481003357518806,0.03642624050277951,0.06511184291138955
1627,50.49583718067987,0.683569618906433,0.3139473319548697,0.12577208727738423,0.048066479696017884,0.048455911645074234
1628,1.8027613865110486,0.636446229500243,0.31486417437636427,0.12678072438010435,0.0584624140326762,0.060604442622112106
1629,0.0,0.5925713955706406,0.3166604600741496,0.12908445865943385,0.06901875762326509,0.10056673611879835
1630,0.0,0.5517211707330928,0.31843632065951616,0.13116756399477417,0.07835705666797015,0.09021563262265442
1631,5.840069059182325,0.5371887632610683,0.31728488051155557,0.13104335025685687,0.08461126436944943,0.11318332398727508
1632,0.0,0.5001564631476165,0.31903495874312937,0.1341713980500083,0.09334699437900447,0.1077621425542718
1633,0.0,0.4656770668651525,0.3207677972765619,0.1347677305224466,0.09887346539010879,0.14152955445581805
1634,22.99033270681163,0.5989956077394264,0.31107212872702583,0.13591483537962223,0.10435508014724477,0.15225114141465929
1635,15.592129280454376,0.6619030280477917,0.30510701560082254,0.13663669006767626,0.108887818241715,0.09244994121112168
1636,15.621108722551561,0.7207115270910616,0.29915681700309227,0.13850781606771517,0.11410949178022174,0.15157353399053405
1637,27.591594897708156,0.8745243806675025,0.28729828174457195,0.1413845023230912,0.11993202424231493,0.12893382935863196
1638,11.161338137525671,0.8817725904112882,0.28365849897101475,0.14291417081574764,0.12405174334141378,0.1339252957638986
1639,6.812420822151623,0.8525336159775664,0.2821785553679277,0.14365274511732992,0.127067564328992,0.12511639356191556
1640,0.0,0.793737281300082,0.28407542400857777,0.1455057517722168,0.13092280729931158,0.14566809585637916
1641,20.23713126722679,0.8816573804704889,0.27589768706519957,0.14626628453039206,0.13344379053604266,0.11160996673535839
1642,37.33143851461028,1.104918011454571,0.25928442681362174,0.14797197578345028,0.13669735480772163,0.12257218499875917
1643,0.0,1.028748035089934,0.26129880083116674,0.15136704583888022,0.14145339851220035,0.12659499335662927
1644,18.730598182160914,1.0880005079847435,0.25397750199407865,0.1544831092969097,0.14576611106921883,0.1520033621001044
1645,26.870456943037862,1.2105260267925493,0.24264753653595597,0.15928526872123616,0.15162044189587878,0.17050996909804259
1646,0.0,1.1270757274095373,0.24471107439966075,0.16246286873937177,0.15572318437434207,0.17094309503807464
1647,0.0,1.049378259698857,0.24673576352951018,0.16660900338603346,0.16068277313541418,0.16855564627160732
1648,10.469025152817151,1.038843603781378,0.24352067275499228,0.1695214357309926,0.16431045853962792,0.15297776821911935
1649,0.0,0.9672286134144342,0.2455042870616995,0.17430482158394972,0.1697227544003982,0.13505710994195044
1650,29.80837086706156,1.1223911985909418,0.23266129722746418,0.17990075859250806,0.1758716840008967,0.18449036846127725
1651,0.0,1.045016669275412,0.2346838055621019,0.18412883680556508,0.18058600375906206,0.18405845994961445
1652,6.886198355579686,1.0051346146696103,0.23324327369164685,0.18933525449111835,0.18621997121358938,0.19393117298975177
1653,13.303434438232937,1.021081068061751,0.22860209700656126,0.19216775569650107,0.18942841635298527,0.21854872632462974
1654,8.261109868839931,0.9942265302149746,0.22646865533724878,0.19407414077453078,0.19166536973800147,0.18860013935172867
1655,0.0,0.9256873168774399,0.2284314989956875,0.19622350019623336,0.19410539969504545,0.19064840722344317
1656,22.481891474672008,1.0230866526623266,0.21920209658468265,0.19771565559280274,0.19585314424305392,0.15011869186045218
1657,0.0,0.9525579027058698,0.2211783755360356,0.20043964946731654,0.19880188070585608,0.21057357128202284
1658,0.0,0.886886814121088,0.22312181894309613,0.20350397317428412,0.20206382393657013,0.20167717361230564
1659,0.0,0.8257473024384252,0.22503469259431533,0.2076114562875462,0.20634507744218378,0.19215504465452055
1660,0.0,0.7688225787414185,0.22691910388368602,0.2109426803435682,0.20982910142166267,0.21813536822744273
1661,7.538297516243442,0.7533692186727724,0.2250266397349007,0.21373982180544315,0.2127606034650041,0.19246811027217026
1662,5.952522680372319,0.7258663147524544,0.22391331155209077,0.21559529787638038,0.21473422633496222,0.20448691432469757
1663,0.0,0.6758271087069353,0.22575122510644424,0.21703713824188067,0.2162799566076739,0.25611909855142645
1664,0.0,0.6292374664320122,0.22756584383966025,0.21897889800866208,0.21831307005296582,
1665,2.3442614919623095,0.5858595845901059,0.22818664288597415,0.22078674894357778,0.22020125139620156,0.23929799463313614
1666,0.0,0.5454720533447082,0.2299593789126465,0.2225064842452875,0.22199162416791815,0.23754457802485507
1667,6.053688118684518,0.533138151274856,0.2286991039289417,0.22413753650497378,0.2236847907137843,0.23710348189380823
1668,0.0,0.49631194152861735,0.230447259899706,0.22523041213386596,0.22483228600856334,0.22926454412032415
1669,0.0,0.46209757587993494,0.23217830868764597,0.2243332937010969,0.22398319703929437,0.27024262060699217
1670,0.0,0.43024185349326277,0.2338934296143926,0.2240866584316905,0.22377879629029887,0.22284518114169224
1671,0.0,0.4005025310263716,0.2355936808799058,0.22398008895359547,0.22370936566755456,0.238948796798887
1672,2.386935519215025,0.37289299981591023,0.23608665962020622,0.22625689266298032,0.2260188274502381,0.22216619094549545
1673,1.7841959598564345,0.347186792940773,0.2368681550367484,0.22627781082578996,0.22606846357960533,0.2195511194332546
1674,0.0,0.3232527005119611,0.2385297813870044,0.22728719448024554,0.22710310051884514,0.17883990049490345
1675,0.0,0.3009685578854985,0.24018026566594713,0.22897018499755664,0.22880829768971434,0.19081991520385808
1676,17.884089549390033,0.403387222786782,0.2329399145026455,0.22941179217348764,0.22926943248919088,0.7607054263673194
1677,11.523672987367718,0.4460982210647358,0.228901127119494,0.22960366385474326,0.2294784760049304,0.25971740535942267
1678,4.2331587666440305,0.4255499014577404,0.22849732268690087,0.23011129313545786,0.23000120556575926,0.22171145414723167
1679,36.008240670191086,0.6693585503811633,0.2123278816269959,0.22980072861253445,0.22970391970470636,0.22949039119742398
1680,25.832989049320066,0.8121589822744136,0.20131746659347308,0.23211073986092184,0.23202560777370027,0.24470168537228798
1681,9.768953330525106,0.8121844338833206,0.1983390821451522,0.23611247612007946,0.23603761226979045,0.21655613835160842
1682,0.0,0.7561946966437426,0.20021717949347406,0.23959665402271918,0.23953081976430934,0.2753149751654487
1683,44.867987671527324,1.0505244711033406,0.17980844789326206,0.24294686010734393,0.2428889662295345,0.222468399622207
1684,0.0,0.9781042342125745,0.18179750001036835,0.2482922712442005,0.24824135993910393,0.23420257419721124
1685,5.86944166078374,0.9344212233403679,0.18082998979164666,0.25443501823804376,0.2543902472465867,0.19947841821029308
1686,10.671557678241227,0.933487352947687,0.1774609546289999,0.2576964318904816,0.2576570605610293,0.2882983447046335
1687,0.0,0.8691353296540237,0.17939552229382694,0.26182571437790847,0.26179109140718815,0.26328774619128664
1688,0.0,0.8092195559666476,0.18130013207181025,0.26606686130395596,0.26603641395724603,0.29882440674978017
1689,26.93306742677551,0.9514802239474424,0.1698093384703962,0.27044721839058117,0.27042044302264334,0.2506991409072342
1690,0.0,0.885887822141912,0.17175228238146717,0.2722705665935243,0.27224702031330256,0.27932350222887603
1691,2.17113270864104,0.8248171781893914,0.17257912461624136,0.27554481131437597,0.27552410465543326,0.277325263033891
1692,4.672252399627669,0.78179374436421,0.17213389528860962,0.27873795018597436,0.27871974066129873,-0.21699672606841658
1693,0.0,0.7278919748831126,0.17399784127605117,0.28085661699071657,0.2808406034251766,0.32263637696168485
1694,13.212621865721319,0.762223092631642,0.1692726418895063,0.2844828073469683,0.2844687248935763,0.3300843658666392
1695,0.0,0.7096775513802133,0.1711274806651964,0.2877823142165094,0.2877699299739803,0.31563859076067463
1696,0.0,0.6607543536816057,0.1729578578420372,0.2900940224876687,0.29008313164671573,0.28233915425799566
1697,6.154459639968651,0.6413070997590256,0.17170128157193237,0.2908297518229703,0.2908201742775395,0.3089594055567608
1698,0.0,0.5970971709455635,0.17349983015740517,0.2917868471234747,0.29177842449081676,0.3189536994729189
1699,23.991447047299708,0.7296402474161423,0.1633689267574634,0.2927840637991318,0.2927766567993817,0.30420313393865284
1700,13.801936247038421,0.7686717800637233,0.15835229452397603,0.2962411674286786,0.2962346535805647,0.3078812360275467
1701,7.742322132731868,0.7549138391214163,0.15635859037717081,0.29839488851196655,0.2983891601065076,0.308281190362915
1702,2.150039155313039,0.7028721774894214,0.157135006888259,0.29966157935673166,0.29965654167538014,0.2818768291986843
1703,0.0,0.6544181233499201,0.15896221594993393,0.3011838003452044,0.3011793700929449,0.30632492829762525
1704,0.0,0.6093043570148666,0.16076686812844138,0.30320273466976344,0.3031988385972305,0.33550870262094434
1705,0.0,0.5673006083280339,0.16255051843260537,0.3071499836874315,0.3071465573792436,0.2874618786961426
1706,2.532881518465431,0.5281924813176823,0.16304817391403148,0.3116061599254375,0.3116031467346931,0.3134644750578701
1707,0.0,0.4917803598744063,0.16479406409396868,0.3128062375099157,0.3128035876212179,0.32972510138934435
1708,11.708093545359958,0.5299383074018165,0.1607049864749896,0.3151702763125817,0.31516794591808656,0.2880895991327625
1709,0.0,0.49340583356118006,0.16245168939177018,0.318293220633235,0.3182911712080874,0.3157451125924611
1710,0.0,0.45939180691765275,0.16418138529522902,0.3210235430751241,0.32102174074029205,0.28728195309739135
1711,0.0,0.4277226127220035,0.16589524660159,0.32209971454316305,0.322098129505127,0.3101669813929256
1712,0.0,0.3982365752146488,0.16759436488919732,0.3217654059177978,0.3217640119758231,0.2938031029874636
1713,6.1167914647857335,0.396574861145701,0.16623425658737728,0.32204446763994743,0.3220432417527882,0.3042890057329502
1714,0.0,0.3692360925790532,0.16791887463366678,0.3209579015436865,0.3209568234485508,0.3113124267659106
1715,0.0,0.34378198272370514,0.16959076562502862,0.32179064343010855,0.3217896953075818,0.31639249023876614
1716,0.0,0.32008260844689335,0.17125080692925204,0.3229863109865257,0.3229854771659074,0.3190169424705541
1717,5.300811717000626,0.3170563375429563,0.17025892923952318,0.3213474756771014,0.32134674237728145,0.2733235945820212
1718,0.0,0.29519935495552185,0.17190652891700092,0.3215511200117051,0.32155047511329177,0.3534118128277526
1719,0.0,0.27484913199172256,0.17354395348299678,0.321952928610533,0.32195236145546385,0.3165235869594812
1720,0.0,0.25588912422022975,0.1751718980451069,0.32317622849234307,0.3231757297076637,0.30130864133673424
1721,0.0,0.23824883929251506,0.17679102246475314,0.3243997591374924,0.32439932048038767,0.31186484812822357
1722,0.0,0.2218246265729461,0.17840193477803962,0.32492666402110515,0.3249262782426196,0.3311561677112658
1723,0.0,0.206532653423814,0.18000520110475152,0.323858694733001,0.3238583554581947,0.303835189162491
1724,6.731738371857615,0.22317519188476925,0.17825091951476507,0.32301842407470177,0.3230181256972586,0.3147473552180832
1725,0.0,0.2077901145172119,0.17985481457202368,0.32385965292520075,0.32385939051474677,0.31446237857521053
1726,11.492481568030625,0.26374136003387116,0.17574044446802528,0.32278976950512345,0.1735600984824302,0.18435489731715649
1727,0.0,0.24555976379605557,0.1773632243499233,0.32263431641741186,0.046894062478100525,0.03192226619430935
1728,2.4956065803955063,0.2286269494433764,0.17772973453444724,0.32396645751241726,-0.036305459525377864,0.47276432544571856
1729,5.501420642051788,0.2335472423377959,0.17659579783459023,0.32376088098823835,-0.06619459577581187,-0.05921319913457548
1730,0.0,0.21744714464323733,0.17820452140691184,0.3220900572979961,-0.02115191258942399,-0.02412058867848836
1731,3.9425750754130435,0.21025679978661702,0.1778383622690986,0.3214042284275478,0.0192798657439614,0.044101939873192664
1732,0.0,0.19576228046099975,0.17943624340932912,0.32161882083849846,0.055686509131420314,0.056095301243478266
1733,0.0,0.18226697300721695,0.18102737689583273,0.3209113809821924,0.0868356057558014,0.06328311572247947
1734,0.0,0.16970199453633752,0.1826122278931009,0.32147498371395455,0.11543958998473518,0.1213959416554713
1735,0.0,0.15800321075431928,0.18419122949847805,0.32207892082446327,0.14072489805923366,0.14318867880379735
1736,0.0,0.14709380850385653,0.18576477640272998,0.32067552985263237,0.1610462497669604,0.16023619318691631
1737,0.0,0.13695357022285184,0.18733325318784141,0.31936032180623053,0.17885333623094304,0.18349986436726695
1738,0.0,0.12744423417184125,0.18889697530492733,0.3183902827944027,0.19471489576717624,0.24170595921108995
1739,2.352949847306274,0.11865852797785553,0.18927982964526313,0.31627124330215134,0.20741116567880005,0.21208154607835666
1740,0.0,0.11035578102627225,0.19083500753577626,0.31569460013043765,0.2198750778712145,0.2290309729327549
1741,0.0,0.10274816023872951,0.19238638161589564,0.3145141785019329,0.230173058722821,0.22524396255156376
1742,0.0,0.09566498768134585,0.1939342141097363,0.3142608830122837,0.24002314608893424,0.26623087712812965
1743,0.0,0.08907010935094496,0.19547874916441177,0.31258276093961085,0.24723810345890043,0.24610689168596678
1744,0.0,0.0829225231507117,0.19702021042598714,0.3105957315669669,0.2530788346593459,0.23703666794878955
1745,0.0,0.07720607490477281,0.1985588134634395,0.31130141974223646,0.26067458110800573,0.2362217234089258
1746,0.0,0.07188370271087478,0.20009475531479495,0.3092544187870481,0.2646922652651808,0.2752341029281519
1747,5.1708706472615305,0.0848406383972132,0.1990517403103628,0.30748177227236045,0.2682578037197269,
1748,0.0,0.07895941496680543,0.2005912200178462,0.30563809986096957,0.27111284496581656,0.23934180841032818
1749,0.0,0.07348355183128565,0.20212796179376186,0.30419891907601504,0.27380951000903386,0.2593352278695898
1750,0.0,0.0683542405283221,0.20366213891402601,0.30212542786715585,0.27537642380489125,0.28820416080311195
1751,0.0,0.0636209953743808,0.2051939494117132,0.30090544016979026,0.2773607500856016,0.297903071321176
1752,0.0,0.05922528720770854,0.20672356205531706,0.2990060895942714,0.27828186263349897,0.2518573414345981
1753,0.0,0.0551424605363782,0.20825113328558525,0.29738067913131844,0.2791390466619056,0.27096480955602087
1754,0.0,0.05129654145093786,0.20977678155631072,0.29652138201073064,0.28046494932548294,0.2971003267113156
1755,0.0,0.04767156734429459,0.21130061733998287,0.295984885089523,0.2818518829578107,0.2711539975072799
1756,0.0,0.04438522200442643,0.2128228099509851,0.2951975405752413,0.28275755759952825,0.27372284994164003
1757,0.0,0.04128477083089867,0.21434345233640054,0.2931940412232439,0.28224426742472963,0.2714083180450837
1758,0.0,0.038377017842115745,0.21586264084532159,0.2923178457850047,0.28267976617727403,0.2565154434117252
1759,0.0,0.03573141290883116,0.217380506551776,0.29091357809939855,0.28243006234516077,0.2833382564986121
1760,0.0,0.033268188625648544,0.2188971406460888,0.2895170575829233,0.28204979828629556,0.288108299716357
1761,0.0,0.030955467715038147,0.22041261837994633,0.2864990839956774,0.27992634186629917,0.25185461531096154
1762,0.0,0.02882148381780155,0.22192702912185522,0.2858783490545565,0.28009296818277524,0.2820626795015914
1763,0.0,0.02676532185123159,0.22344041178278085,0.28443922111074527,0.2793468819967553,0.30146804431831764
1764,0.0,0.024920194962480505,0.22495287188026208,0.28484307974322154,0.28036076159915946,0.28447419120877127
1765,0.0,0.023192221713822958,0.226464467991119,0.2841697458899344,0.28022437314572546,0.2991320534574061
1766,0.0,0.02156678413205417,0.22797525138318503,0.2817347897768192,0.2782620407236576,0.2672357440871696
1767,0.0,0.020066432104565688,0.2294852845992373,0.27904852368602334,0.27599178183471235,0.30333590462176263
1768,0.6596877395807309,0.018683108054018977,0.23066478228347395,0.2788917005585067,0.27620113161657367,0.2604384018662311
1769,0.0,0.017344793569240867,0.23217345468025857,0.27670336761228653,0.27433510703176134,0.31200277310117386
1770,0.0,0.01614909171396986,0.23368152922611557,0.27607904816888584,0.27399448601927434,0.26497240785421516
1771,0.0,0.01503581822090398,0.235189047135226,0.27446698931084657,0.2726321408185268,0.25821657070482673
1772,1.9157278884643036,0.013999290707879256,0.2357381828363478,0.2752624198745838,0.27364737136648437,0.2557477497303059
1773,5.648410637296438,0.0349499517141127,0.23443145249355662,0.27402568611676026,0.27260410733549595,0.2643032087078857
1774,0.0,0.032528869497510264,0.23594771692830538,0.27432041476913877,0.273069129608843,0.2631575846757908
1775,0.0,0.030278788556929497,0.23746285632258385,0.27442082460149125,0.2733194332660176,0.25948398198920397
1776,2.4043920485330648,0.02819145303988513,0.23777475602483725,0.27271517381851684,0.271745720242027,0.265110020061618
1777,0.0,0.026248012631210873,0.23928788003115287,0.27114411001247485,0.27029078912034554,0.2835315712489204
1778,0.0,0.024438547602121496,0.24080009930495394,0.271387593708126,0.2706364937456282,0.2882309466039062
1779,0.0,0.022753822062360318,0.24231147621598512,0.270139222860277,0.26947809858819116,0.2626775159230954
1780,0.0,0.02117734424775646,0.243822064888109,0.2680217507261999,0.26743982378575926,0.29208275506608594
1781,0.0,0.019717437002065127,0.24533192360661005,0.2679821550585503,0.2674699382510468,0.24745645805644223
1782,6.158013638231499,0.04449089573949112,0.24377516223536405,0.26930746123831856,0.26885660385458815,0.24823101558571264
1783,0.0,0.04142381705873246,0.24529587414389342,0.268119932456058,0.2677230841342407,0.24504697622361876
1784,0.0,0.03856817425665437,0.24681515823102174,0.26836661811327767,0.2680173090053148,0.2799898667124886
1785,0.0,0.035909391531509745,0.2483331129267875,0.26704119349281796,0.26673372878603235,0.23565690434474554
1786,0.0,0.03343389789680756,0.2498498298757359,0.26723174077322037,0.2669611078473567,0.23896441448298866
1787,0.0,0.03112905791214213,0.25136539440469197,0.2658179288784079,0.26557971558450727,0.29108158635070747
1788,5.766331631288833,0.05187464262675929,0.2500081659103609,0.26597630871814726,0.2657666314469507,0.29994437684208053
1789,0.0,0.04826007950238698,0.2515322959501121,0.2654317831611562,0.2652472235283305,0.2920294788176257
1790,0.0,0.044911133462127065,0.2530547515168432,0.26414963302631506,0.2639871821422761,0.2340596870415087
1791,0.0,0.041811897535445154,0.2545756574656109,0.26328223182854754,0.26313924124430654,0.26327002635291513
1792,0.0,0.038844188356536635,0.25609507955978916,0.26162934671588267,0.2615034852451829,0.27802667928262753
1793,0.0,0.03610736378174463,0.25761313324168,0.2593902891130182,0.2592795048268305,0.26109403247041896
1794,0.0,0.033600727435452254,0.25912993360539777,0.2572228599865393,0.25712534676030807,0.22464080558361899
1795,1.2308859442773803,0.0312843866861294,0.26003013282660215,0.2560578025768388,0.2559719706450979,0.24899753508181677
1796,0.0,0.029019515915906575,0.2615446425845601,0.25389051499825477,0.2538149650365613,0.21971217829294334
1797,0.0,0.027018991154329108,0.2630581520801373,0.2532254806265634,0.25315898093820594,0.22837015780076853
1798,2.734790838621007,0.02514896064232268,0.2632033311411479,0.2526493151054351,0.25259078154098946,0.2954938222558479
1799,0.0,0.023395433273722756,0.26471502885778475,0.252010365321782,0.25195884360414195,0.2653975690242001
1800,2.2603802085471,0.021782617136212296,0.2650957300620793,0.2504017484386719,0.25035639860539705,0.22085501199757834
1801,0.0,0.0202809840600703,0.2666058705541094,0.2493502602401161,0.24931034294946164,0.21913797894327258
1802,1.0125925507240339,0.018821011923733227,0.26760898478470924,0.24821713835645393,0.24818200283382616,0.257144510643901
1803,0.0,0.01752354367855362,0.2691177465565485,0.24843373702279453,0.24840281045112378,0.23604374950976897
1804,0.0,0.016315519287618988,0.2706259043161923,0.24651482207897563,0.24648760026003644,0.25786133161862745
1805,2.4628273743016207,0.015186450632200454,0.2709020838543576,0.24502387052573113,0.24499990966016066,0.23187309319491525
1806,2.3244110436532686,0.014139538939454464,0.2712469481020007,0.2436878749950794,0.24366678444708303,0.23948307345812053
1807,0.0,0.013138402858790806,0.2727535173034301,0.24244604073973372,0.24242747666852016,0.24701023763586002
1808,0.9541931821087577,0.012232677886577047,0.273782537051319,0.24060030914777217,0.24058396890189132,0.21973228272951656
1809,0.0,0.011389391076300354,0.2752882317468571,0.23888140502250987,0.23886702220570344,0.200263141452776
1810,0.0,0.010596085089776303,0.2767935297894021,0.2388134879564136,0.23880082808453673,0.21471077556382887
1811,0.0,0.009865620437667474,0.2782984625996209,0.23708843659907616,0.2370772932772849,
1812,0.0,0.00913125743776632,0.2798030282283398,0.236925674270657,0.2369158658285376,0.23261429817523743
1813,1.564048594498342,0.008473855218755622,0.2805252408587,0.2378795694963519,0.2378709360261343,0.2364571606430276
1814,0.0,0.007877434176259274,0.2820291795757881,0.23806962774275067,0.2380620284923202,0.2364777746138421
1815,0.6639922836846011,0.007334385761083427,0.2832008506268263,0.2351692661969802,0.2351625772751852,
1816,0.0,0.00682877359413594,0.28470426501362345,0.2348639892013489,0.23485810155819395,0.21675738636555988
1817,0.0,0.006358016924525638,0.28620744402208564,0.23426323746961167,0.2342580551184073,0.26190078139235495
1818,4.9131563074243845,0.021751178999152413,0.2852617414578731,0.23372976134373993,0.2337251997962245,0.27349214957931883
1819,0.0,0.020251713180790606,0.28677186731446347,0.23108131169137985,0.2310772965803009,0.23811852511313641
1820,0.0,0.0188556163678755,0.2882812951226474,0.2308267437576648,0.23082320962436426,0.23430203507783287
1821,2.367327793005197,0.017533255626534704,0.28860639785395803,0.228718896323694,0.2287157855509307,0.2533813374438788
1822,0.0,0.0163245617209026,0.2901145601348185,0.2290006103343788,0.22899787220699028,0.24167292962307974
1823,2.382517587001863,0.01519919181331346,0.29043090093722423,0.2290533073543981,0.2290508972324875,0.23250967785319954
1824,0.0,0.014151401778958255,0.2919379766381137,0.23057897501243999,0.2305768536036084,0.2269209666231186
